Rk,Player,Rec,Draft Team,Round,Pick,Draft Year,Draft College,From,To,G,Rec,Yds,Y/R,TD,Y/G,Pos,Team,-9999
1,Walter Young,69,CAR,7,226,2003,Illinois,1999,2002,23,69,1058,15.3,7,46.0,WR,Illinois,walter-young-1
2,Titus Young,204,DET,2,44,2011,Boise State,2007,2010,43,204,3063,15.0,25,71.2,WR,Boise State,titus-young-1
3,Deangelo Yancey,141,GNB,5,175,2017,Purdue,2013,2016,44,141,2344,16.6,20,53.3,WR,Purdue,deangelo-yancey-1
4,Milton Wynn,55,RAM,4,116,2001,Washington State,1999,2000,12,55,984,17.9,5,82.0,WR,Washington State,milton-wynn-1
5,Devon Wylie,98,KAN,4,107,2012,Fresno State,2007,2011,43,98,1327,13.5,8,30.9,WR,Fresno State,devon-wylie-1
6,Kendall Wright,186,OTI,1,20,2012,Baylor,2010,2011,26,186,2615,14.1,21,100.6,WR,Baylor,kendall-wright-1
7,Jarius Wright,168,MIN,4,118,2012,Arkansas,2008,2011,50,168,2934,17.5,24,58.7,WR,Arkansas,jarius-wright-1
8,James Wright,25,CIN,7,239,2014,LSU,2010,2013,47,25,304,12.2,0,6.5,WR,LSU,james-wright-4
9,Xavier Worthy,197,KAN,1,28,2024,Texas,2021,2024,39,197,2755,14.0,26,70.6,WR,Texas,xavier-worthy-1
10,Andre Woolfolk,56,OTI,1,28,2003,Oklahoma,1999,2001,29,56,836,14.9,6,28.8,WR,Oklahoma,andre-woolfolk-1
11,Robert Woods,252,BUF,2,41,2013,USC,2010,2012,38,252,2930,11.6,32,77.1,WR,USC,robert-woods-1
12,Rashaun Woods,293,SFO,1,31,2004,Oklahoma State,2000,2003,48,293,4414,15.1,42,92.0,WR,Oklahoma State,rashaun-woods-1
13,Jelani Woods,31,CLT,3,73,2022,Virginia,2018,2020,34,31,361,11.6,4,10.6,WR,Oklahoma State,jelani-woods-1
14,Juwann Winfree,39,DEN,6,187,2019,Colorado,2014,2018,16,39,482,12.4,4,30.1,WR,ColoradoMaryland,juwann-winfree-1
15,Javon Wims,62,CHI,7,224,2018,Georgia,2016,2017,27,62,910,14.7,8,33.7,WR,Georgia,javon-wims-1
16,Travis Wilson,105,CLE,3,78,2006,Oklahoma,2002,2005,44,105,1315,12.5,17,29.9,WR,Oklahoma,travis-wilson-2
17,Roman Wilson,107,PIT,3,84,2024,Michigan,2020,2023,46,107,1707,16.0,20,37.1,WR,Michigan,roman-wilson-1
18,Michael Wilson,134,CRD,3,94,2023,Stanford,2018,2022,39,134,1662,12.4,11,42.6,WR,Stanford,michael-wilson-3
19,Marquess Wilson,189,CHI,7,236,2013,Washington State,2010,2012,33,189,3207,17.0,23,97.2,WR,Washington State,marquess-wilson-1
20,Johnny Wilson,102,PHI,6,185,2024,Florida State,2020,2023,31,102,1757,17.2,8,56.7,WR,Arizona StateFlorida State,johnny-wilson-3
21,Garrett Wilson,143,NYJ,1,10,2022,Ohio State,2019,2021,33,143,2213,15.5,23,67.1,WR,Ohio State,garrett-wilson-2
22,Cedrick Wilson,159,SFO,6,169,2001,Tennessee,1997,2000,45,159,2137,13.4,24,47.5,WR,Tennessee,cedrick-wilson-1
23,Troy Williamson,91,MIN,1,7,2005,South Carolina,2002,2004,34,91,1754,19.3,13,51.6,WR,South Carolina,troy-williamson-1
24,Terrance Williams,202,DAL,3,74,2013,Baylor,2009,2012,51,202,3334,16.5,27,65.4,WR,Baylor,terrance-williams-2
25,Seth Williams,132,DEN,6,219,2021,Auburn,2018,2020,36,132,2124,16.1,17,59.0,WR,Auburn,seth-williams-1
26,Roydell Williams,215,OTI,4,136,2005,Tulane,2000,2004,48,215,3207,14.9,35,66.8,WR,Tulane,roydell-williams-1
27,Roy Williams,241,DET,1,7,2004,Texas,2000,2003,48,241,3866,16.0,36,80.5,WR,Texas,roy-williams-3
28,Reggie Williams,238,JAX,1,9,2004,Washington,2001,2003,36,238,3536,14.9,22,98.2,WR,Washington,reggie-williams-1
29,Paul Williams,72,OTI,3,80,2007,Fresno State,2003,2006,38,72,1048,14.6,8,27.6,WR,Fresno State,paul-williams-2
30,Mike Williams,177,SDG,1,7,2017,Clemson,2013,2016,39,177,2727,15.4,21,69.9,WR,Clemson,mike-williams-17
31,Mike Williams,176,DET,1,10,2005,USC,2002,2003,26,176,2579,14.7,30,99.2,WR,USC,mike-williams-3
32,Mike Williams,133,TAM,4,101,2010,Syracuse,2006,2009,29,133,2044,15.4,20,70.5,WR,Syracuse,mike-williams-4
33,Kyle Williams,109,SFO,6,206,2010,Arizona State,2006,2009,41,109,1626,14.9,18,39.7,WR,Arizona State,kyle-williams-1
34,Jameson Williams,94,DET,1,12,2022,Alabama,2019,2021,34,94,1838,19.6,18,54.1,WR,AlabamaOhio State,jameson-williams-1
35,James Williams,70,SEA,6,175,2000,Marshall,1998,1999,24,70,1403,20.0,15,58.5,WR,Marshall,james-williams-5
36,Derrick Williams,161,DET,3,82,2009,Penn State,2005,2008,46,161,1743,10.8,9,37.9,WR,Penn State,derrick-williams-2
37,Demetrius Williams,162,RAV,4,111,2006,Oregon,2002,2005,45,162,2660,16.4,20,59.1,WR,Oregon,demetrius-williams-1
38,Damian Williams,147,OTI,3,77,2010,USC,2006,2009,38,147,2114,14.4,17,55.6,WR,ArkansasUSC,damian-williams-1
39,Brandon Williams,202,SFO,3,84,2006,Wisconsin,2002,2005,52,202,2924,14.5,10,56.2,WR,Wisconsin,brandon-williams-6
40,Ernest Wilford,126,JAX,4,120,2004,Virginia Tech,2000,2003,49,126,2052,16.3,11,41.9,WR,Virginia Tech,ernest-wilford-1
41,Dontayvion Wicks,90,GNB,5,159,2023,Virginia,2019,2022,30,90,1694,18.8,12,56.5,WR,Virginia,dontayvion-wicks-1
42,Jordan Whittington,139,RAM,6,213,2024,Texas,2020,2023,40,139,1740,12.5,5,43.5,WR,Texas,jordan-whittington-2
43,Roddy White,163,ATL,1,27,2005,UAB,2001,2004,45,163,3112,19.1,26,69.2,WR,UAB,roddy-white-1
44,Kevin White,144,CHI,1,7,2015,West Virginia,2013,2014,23,144,1954,13.6,15,85.0,WR,West Virginia,kevin-white-6
45,Jordan White,306,NYJ,7,244,2012,Western Michigan,2007,2011,43,306,4187,13.7,32,97.4,WR,Western Michigan,jordan-white-1
46,Dez White,90,CHI,3,69,2000,Georgia Tech,1997,1999,32,90,1833,20.4,14,57.3,WR,Georgia Tech,dez-white-1
47,Markus Wheaton,227,PIT,3,79,2013,Oregon State,2009,2012,49,227,2994,13.2,16,61.1,WR,Oregon State,markus-wheaton-1
48,Ryan Whalen,140,CIN,6,167,2011,Stanford,2007,2010,48,140,1884,13.5,7,39.3,WR,Stanford,ryan-whalen-1
49,Dede Westbrook,126,JAX,4,110,2017,Oklahoma,2015,2016,26,126,2267,18.0,21,87.2,WR,Oklahoma,dede-westbrook-1
50,Jeff Webb,234,KAN,6,190,2006,San Diego State,2001,2005,44,234,2890,12.4,20,65.7,WR,San Diego State,jeff-webb-2
51,Reggie Wayne,173,CLT,1,30,2001,Miami (FL),1997,2000,45,173,2510,14.5,20,55.8,WR,Miami (FL),reggie-wayne-1
52,Darius Watts,272,DEN,2,54,2004,Marshall,2000,2003,47,272,4031,14.8,47,85.8,WR,Marshall,darius-watts-1
53,Todd Watkins,101,CRD,7,218,2006,BYU,2004,2005,23,101,1720,17.0,15,74.8,WR,BYU,todd-watkins-1
54,Sammy Watkins,240,BUF,1,4,2014,Clemson,2011,2013,36,240,3391,14.1,27,94.2,WR,Clemson,sammy-watkins-1
55,Quez Watkins,159,PHI,6,200,2020,Southern Mississippi,2017,2019,36,159,2404,15.1,17,66.8,WR,Southern Mississippi,quez-watkins-1
56,Tahj Washington,209,MIA,7,241,2024,USC,2019,2023,54,209,3224,15.4,21,59.7,WR,MemphisUSC,tahj-washington-1
57,Parker Washington,146,JAX,6,185,2023,Penn State,2020,2022,32,146,1920,13.2,12,60.0,WR,Penn State,parker-washington-1
58,Malik Washington,230,MIA,6,184,2024,Virginia,2019,2023,52,230,2774,12.1,12,53.3,WR,NorthwesternVirginia,malik-washington-1
59,Kelley Washington,87,CIN,3,65,2003,Tennessee,2001,2002,16,87,1453,16.7,6,90.8,WR,Tennessee,kelley-washington-1
60,James Washington,226,PIT,2,60,2018,Oklahoma State,2014,2017,52,226,4472,19.8,39,86.0,WR,Oklahoma State,james-washington-5
61,Casey Washington,122,ATL,6,187,2024,Illinois,2019,2023,55,122,1508,12.4,4,27.4,WR,Illinois,casey-washington-1
62,Peter Warrick,207,CIN,1,4,2000,Florida State,1995,1999,54,207,3517,17.0,32,65.1,WR,Florida State,peter-warrick-1
63,Paris Warren,156,TAM,7,225,2005,Utah,2003,2004,23,156,1885,12.1,16,82.0,WR,Utah,paris-warren-2
64,Troy Walters,244,MIN,5,165,2000,Stanford,1996,1999,42,244,3986,16.3,26,94.9,WR,Stanford,troy-walters-1
65,Kevin Walter,211,NYG,7,255,2003,Eastern Michigan,1999,2002,44,211,2838,13.5,20,64.5,WR,Eastern Michigan,kevin-walter-1
66,Darren Waller,51,RAV,6,204,2015,Georgia Tech,2012,2014,35,51,971,19.0,9,27.7,WR,Georgia Tech,darren-waller-1
67,Tylan Wallace,205,RAV,4,131,2021,Oklahoma State,2017,2020,45,205,3434,16.8,26,76.3,WR,Oklahoma State,tylan-wallace-1
68,Taco Wallace,41,SEA,7,224,2003,Kansas State,2001,2002,14,41,721,17.6,5,51.5,WR,Kansas State,taco-wallace-1
69,Mike Wallace,101,PIT,3,84,2009,Ole Miss,2006,2008,37,101,1910,18.9,15,51.6,WR,Ole Miss,mike-wallace-1
70,Mike Walker,175,JAX,3,79,2007,UCF,2003,2006,35,175,2370,13.5,16,67.7,WR,UCF,mike-walker-1
71,Javon Walker,65,GNB,1,20,2002,Florida State,2000,2001,20,65,1257,19.3,10,62.9,WR,Florida State,javon-walker-1
72,Devontez Walker,104,RAV,4,113,2024,North Carolina,2021,2023,28,104,1744,16.8,19,62.3,WR,Kent StateNorth Carolina,devontez-walker-1
73,Bobby Wade,230,CHI,5,139,2003,Arizona,1999,2002,45,230,3351,14.6,23,74.5,WR,Arizona,bobby-wade-1
74,Jaylen Waddle,106,MIA,1,6,2021,Alabama,2018,2020,34,106,1999,18.9,17,58.8,WR,Alabama,jaylen-waddle-1
75,Devaughn Vele,123,DEN,7,235,2024,Utah,2019,2023,47,123,1689,13.7,9,35.9,WR,Utah,devaughn-vele-1
76,Marquez Valdes-Scantling,119,GNB,5,174,2018,South Florida,2013,2017,45,119,1832,15.4,12,40.7,WR,North Carolina StateSouth Florida,marquez-valdes-scantling-1
77,John Ursua,189,SEA,7,236,2019,Hawaii,2016,2018,33,189,2662,14.1,24,80.7,WR,Hawaii,john-ursua-1
78,Mario Urrutia,130,CIN,7,246,2008,Louisville,2005,2007,34,130,2271,17.5,16,66.8,WR,Louisville,mario-urrutia-1
79,Tiquan Underwood,132,JAX,7,253,2009,Rutgers,2005,2008,50,132,1931,14.6,16,38.6,WR,Rutgers,tiquan-underwood-1
80,David Tyree,75,NYG,6,211,2003,Syracuse,1999,2002,46,75,1214,16.2,6,26.4,WR,Syracuse,david-tyree-1
81,Patrick Turner,138,MIA,3,87,2009,USC,2005,2008,48,138,1752,12.7,17,36.5,WR,USC,patrick-turner-1
82,Tre Tucker,111,RAI,3,100,2023,Cincinnati,2019,2022,50,111,1425,12.8,8,28.5,WR,Cincinnati,tre-tucker-1
83,Laquon Treadwell,202,MIN,1,23,2016,Ole Miss,2013,2015,35,202,2393,11.8,21,68.4,WR,Ole Miss,laquon-treadwell-1
84,Tyrone Tracy Jr.,66,NYG,5,166,2024,Purdue,2018,2021,38,66,871,13.2,5,22.9,WR,Iowa,tyrone-tracy-jr-1
85,Samori Toure,46,GNB,7,258,2022,Nebraska,2021,2021,12,46,898,19.5,5,74.8,WR,Nebraska,samori-toure-1
86,Nick Toon,171,NOR,4,122,2012,Wisconsin,2008,2011,47,171,2447,14.3,18,52.1,WR,Wisconsin,nick-toon-1
87,Kadarius Toney,120,NYG,1,20,2021,Florida,2017,2020,38,120,1590,13.3,12,41.8,WR,Florida,kadarius-toney-1
88,Jalen Tolbert,178,DAL,3,88,2022,South Alabama,2018,2021,47,178,3140,17.6,22,66.8,WR,South Alabama,jalen-tolbert-1
89,Cedric Tillman,109,CLE,3,74,2023,Tennessee,2018,2022,44,109,1622,14.9,17,36.9,WR,Tennessee,cedric-tillman-1
90,Jamari Thrash,167,CLE,5,156,2024,Louisville,2019,2023,49,167,2610,15.6,18,53.3,WR,Georgia StateLouisville,jamari-thrash-1
91,Craphonso Thorpe,123,KAN,4,116,2005,Florida State,2001,2004,47,123,2153,17.5,18,45.8,WR,Florida State,craphonso-thorpe-1
92,Tyquan Thornton,143,NWE,2,50,2022,Baylor,2018,2021,47,143,2242,15.7,19,47.7,WR,Baylor,tyquan-thornton-1
93,Sloan Thomas,88,HTX,7,211,2004,Texas,2000,2003,46,88,1362,15.5,12,29.6,WR,Texas,sloan-thomas-1
94,Mike Thomas,259,JAX,4,107,2009,Arizona,2005,2008,48,259,3231,12.5,22,67.3,WR,Arizona,mike-thomas-9
95,Michael Thomas,113,NOR,2,47,2016,Ohio State,2012,2015,39,113,1602,14.2,18,41.1,WR,Ohio State,michael-thomas-3
96,Michael Thomas,112,RAM,6,206,2016,Southern Mississippi,2014,2015,25,112,1983,17.7,19,79.3,WR,Southern Mississippi,michael-thomas-6
97,Devin Thomas,85,WAS,2,34,2008,Michigan State,2006,2007,23,85,1350,15.9,9,58.7,WR,Michigan State,devin-thomas-1
98,Demaryius Thomas,120,DEN,1,22,2010,Georgia Tech,2007,2009,39,120,2339,19.5,15,60.0,WR,Georgia Tech,demaryius-thomas-1
99,Brian Thomas Jr.,127,JAX,1,23,2024,LSU,2021,2024,38,127,1897,14.9,24,49.9,WR,LSU,brian-thomas-jr-1
100,David Terrell,137,CHI,1,8,2001,Michigan,1998,2000,34,137,2005,14.6,19,59.0,WR,Michigan,david-terrell-1
101,Trent Taylor,327,SFO,5,177,2017,Louisiana Tech,2013,2016,51,327,4179,12.8,32,81.9,WR,Louisiana Tech,trent-taylor-2
102,Travis Taylor,72,RAV,1,10,2000,Florida,1997,1999,27,72,1150,16.0,15,42.6,WR,Florida,travis-taylor-1
103,Taywan Taylor,253,OTI,3,72,2017,Western Kentucky,2013,2016,51,253,4234,16.7,41,83.0,WR,Western Kentucky,taywan-taylor-1
104,Jamaar Taylor,108,NYG,6,168,2004,Texas A&M,2001,2003,26,108,1705,15.8,10,65.6,WR,Texas A&M,jamaar-taylor-1
105,Courtney Taylor,153,SEA,6,197,2007,Auburn,2003,2006,50,153,2098,13.7,9,42.0,WR,Auburn,courtney-taylor-1
106,Chris Taylor,83,PIT,7,218,2001,Texas A&M,1997,2000,47,83,1316,15.9,7,28.0,WR,Texas A&M,chris-taylor-2
107,Golden Tate,157,SEA,2,60,2010,Notre Dame,2007,2009,37,157,2707,17.2,26,73.2,WR,Notre Dame,golden-tate-1
108,Brandon Tate,46,NWE,3,83,2009,North Carolina,2005,2008,41,46,927,20.2,8,22.6,WR,North Carolina,brandon-tate-1
109,Auden Tate,65,CIN,7,253,2018,Florida State,2015,2017,30,65,957,14.7,16,31.9,WR,Florida State,auden-tate-1
110,Ryan Tannehill,101,MIA,1,8,2012,Texas A&M,2008,2009,24,101,1453,14.4,9,60.5,WR,Texas A&M,ryan-tannehill-1
111,Jacob Tamme,45,CLT,4,127,2008,Kentucky,2004,2005,21,45,412,9.2,3,19.6,WR,Kentucky,jacob-tamme-1
112,Ryan Swope,233,CRD,6,174,2013,Texas A&M,2010,2012,39,233,2945,12.6,23,75.5,WR,Texas A&M,ryan-swope-1
113,Ryan Switzer,244,DAL,4,133,2017,North Carolina,2013,2016,53,244,2912,11.9,19,54.9,WR,North Carolina,ryan-switzer-1
114,Limas Sweed,124,PIT,2,53,2008,Texas,2004,2007,44,124,1915,15.4,20,43.5,WR,Texas,limas-sweed-1
115,Freddie Swain,68,SEA,6,214,2020,Florida,2016,2019,47,68,996,14.6,15,21.2,WR,Florida,freddie-swain-1
116,Brett Swain,133,GNB,7,217,2008,San Diego State,2004,2007,44,133,1893,14.2,8,43.0,WR,San Diego State,brett-swain-1
117,Courtland Sutton,193,DEN,2,40,2018,SMU,2015,2017,37,193,3193,16.5,31,86.3,WR,SMU,courtland-sutton-1
118,Vinny Sutherland,161,ATL,5,136,2001,Purdue,1997,2000,44,161,2159,13.4,22,49.1,WR,Purdue,vinny-sutherland-1
119,Stephen Sullivan,34,SEA,7,251,2020,LSU,2017,2018,26,34,582,17.1,3,22.4,WR,LSU,stephen-sullivan-1
120,Chansi Stuckey,139,NYJ,7,235,2007,Clemson,2004,2006,31,139,1750,12.6,7,56.5,WR,Clemson,chansi-stuckey-1
121,Sammie Stroughter,164,TAM,7,233,2009,Oregon State,2004,2008,51,164,2653,16.2,14,52.0,WR,Oregon State,sammie-stroughter-1
122,Jaelen Strong,157,HTX,3,70,2015,Arizona State,2013,2014,26,157,2287,14.6,17,88.0,WR,Arizona State,jaelen-strong-1
123,Tommy Streeter,52,RAV,6,198,2012,Miami (FL),2009,2011,30,52,967,18.6,9,32.2,WR,Miami (FL),tommy-streeter-1
124,Devin Street,202,DAL,5,146,2014,Pitt,2010,2013,49,202,2901,14.4,16,59.2,WR,Pitt,devin-street-1
125,Maurice Stovall,130,TAM,3,90,2006,Notre Dame,2002,2005,46,130,2195,16.9,18,47.7,WR,Notre Dame,maurice-stovall-1
126,Kenny Stills,204,NOR,5,144,2013,Oklahoma,2010,2012,38,204,2594,12.7,24,68.3,WR,Oklahoma,kenny-stills-1
127,Ardarius Stewart,129,NYJ,3,79,2017,Alabama,2014,2016,40,129,1713,13.3,12,42.8,WR,Alabama,ardarius-stewart-1
128,Marquez Stevenson,147,BUF,6,203,2021,Houston,2016,2020,32,147,2269,15.4,22,70.9,WR,Houston,marquez-stevenson-1
129,Syndric Steptoe,131,CLE,7,234,2007,Arizona,2003,2006,44,131,1584,12.1,6,36.0,WR,Arizona,syndric-steptoe-1
130,Donte' Stallworth,99,NOR,1,13,2002,Tennessee,1999,2001,31,99,1747,17.6,13,56.4,WR,Tennessee,donte-stallworth-1
131,Equanimeous St. Brown,92,GNB,6,207,2018,Notre Dame,2015,2017,32,92,1484,16.1,13,46.4,WR,Notre Dame,equanimeous-st-brown-1
132,Amon-Ra St. Brown,178,DET,4,112,2021,USC,2018,2020,31,178,2270,12.8,16,73.2,WR,USC,amon-ra-st-brown-1
133,Evan Spencer,52,WAS,6,187,2015,Ohio State,2011,2014,46,52,579,11.1,7,12.6,WR,Ohio State,evan-spencer-1
134,R. Jay Soward,155,JAX,1,29,2000,USC,1996,1999,45,155,2608,16.8,23,58.0,WR,USC,r-jay-soward-1
135,JuJu Smith-Schuster,213,PIT,2,62,2017,USC,2014,2016,40,213,3092,14.5,25,77.3,WR,USC,juju-smith-1
136,Jaxon Smith-Njigba,110,SEA,1,20,2023,Ohio State,2020,2022,23,110,1698,15.4,10,73.8,WR,Ohio State,jaxon-smith-njigba-1
137,Ihmir Smith-Marsette,110,MIN,5,157,2021,Iowa,2017,2020,44,110,1615,14.7,13,36.7,WR,Iowa,ihmir-smith-marsette-1
138,Tre'Quan Smith,168,NOR,3,91,2018,UCF,2015,2017,38,168,2748,16.4,22,72.3,WR,UCF,trequan-smith-1
139,Torrey Smith,152,RAV,2,58,2011,Maryland,2008,2010,38,152,2215,14.6,19,58.3,WR,Maryland,torrey-smith-1
140,Steve Smith,190,NYG,2,51,2007,USC,2003,2006,46,190,3019,15.9,22,65.6,WR,USC,steve-smith-2
141,Steve Smith Sr.,78,CAR,3,74,2001,Utah,1999,2000,21,78,1603,20.6,12,76.3,WR,Utah,steve-smith-3
142,Shi Smith,174,CAR,6,204,2021,South Carolina,2017,2020,43,174,2204,12.7,13,51.3,WR,South Carolina,shi-smith-1
143,Marcus Smith,153,RAV,4,106,2008,New Mexico,2004,2007,49,153,2073,13.5,13,42.3,WR,New Mexico,marcus-smith-4
144,Jonathan Smith,174,BUF,7,214,2004,Georgia Tech,2000,2003,45,174,2238,12.9,12,49.7,WR,Georgia Tech,jonathan-smith-1
145,Emanuel Smith,101,JAX,6,196,2000,Arkansas,1996,1999,43,101,1235,12.2,4,28.7,WR,Arkansas,emanuel-smith-1
146,DeVonta Smith,235,PHI,1,10,2021,Alabama,2017,2020,54,235,3965,16.9,46,73.4,WR,Alabama,devonta-smith-1
147,Devin Smith,121,NYJ,2,37,2015,Ohio State,2011,2014,54,121,2503,20.7,30,46.4,WR,Ohio State,devin-smith-2
148,Ainias Smith,137,PHI,5,152,2024,Texas A&M,2019,2023,40,137,1843,13.5,13,46.1,WR,Texas A&M,ainias-smith-1
149,Deandre Smelter,56,SFO,4,132,2015,Georgia Tech,2013,2014,24,56,1060,18.9,11,44.2,WR,Georgia Tech,deandre-smelter-1
150,Darius Slayton,79,NYG,5,171,2019,Auburn,2016,2018,38,79,1605,20.3,11,42.2,WR,Auburn,darius-slayton-1
151,Ben Skowronek,139,RAM,7,249,2021,Notre Dame,2016,2020,54,139,1856,13.4,13,34.4,WR,NorthwesternNotre Dame,ben-skowronek-1
152,Sam Simmons,85,MIA,5,170,2002,Northwestern,2000,2001,21,85,1281,15.1,12,61.0,WR,Northwestern,sam-simmons-1
153,Justin Shorter,110,BUF,5,150,2023,Florida,2018,2022,48,110,1552,14.1,8,32.3,WR,FloridaPenn State,justin-shorter-1
154,Jordan Shipley,248,CIN,3,84,2010,Texas,2006,2009,53,248,3191,12.9,33,60.2,WR,Texas,jordan-shipley-1
155,Richard Sherman,81,SEA,5,154,2011,Stanford,2006,2009,41,81,1340,16.5,7,32.7,WR,Stanford,richard-sherman-1
156,Sterling Shepard,233,NYG,2,40,2016,Oklahoma,2012,2015,50,233,3482,14.9,26,69.6,WR,Oklahoma,sterling-shepard-1
157,Laviska Shenault Jr.,149,JAX,2,42,2020,Colorado,2017,2019,32,149,1943,13.0,10,60.7,WR,Colorado,laviska-shenault-jr-1
158,Tajae Sharpe,277,OTI,5,140,2016,Massachusetts,2012,2015,47,277,3486,12.6,16,74.2,WR,Massachusetts,tajae-sharpe-1
159,Khalil Shakir,208,BUF,5,148,2022,Boise State,2018,2021,43,208,2878,13.8,20,66.9,WR,Boise State,khalil-shakir-1
160,Tyler Scott,87,CHI,4,133,2023,Cincinnati,2020,2022,35,87,1439,16.5,14,41.1,WR,Cincinnati,tyler-scott-3
161,Jaleel Scott,99,RAV,4,132,2018,New Mexico State,2016,2017,25,99,1362,13.8,14,54.5,WR,New Mexico State,jaleel-scott-1
162,Gari Scott,128,PHI,4,99,2000,Michigan State,1996,1999,43,128,1971,15.4,16,45.8,WR,Michigan State,gari-scott-1
163,Anthony Schwartz,117,CLE,3,91,2021,Auburn,2018,2020,36,117,1433,12.2,6,39.8,WR,Auburn,anthony-schwartz-1
164,Chaz Schilens,103,RAI,7,226,2008,San Diego State,2005,2007,32,103,1603,15.6,7,50.1,WR,San Diego State,chaz-schilens-1
165,Jake Schifino,131,OTI,5,151,2002,Akron,1998,2001,40,131,1986,15.2,10,49.7,WR,Akron,jake-schifino-1
166,Jalen Saunders,203,NYJ,4,104,2014,Oklahoma,2010,2013,48,203,3085,15.2,26,64.3,WR,Fresno StateOklahoma,jalen-saunders-1
167,Bud Sasser,116,RAM,6,201,2015,Missouri,2011,2014,48,116,1611,13.9,14,33.6,WR,Missouri,bud-sasser-1
168,Mohamed Sanu,210,CIN,3,83,2012,Rutgers,2009,2011,38,210,2263,10.8,12,59.6,WR,Rutgers,mohamed-sanu-1
169,Emmanuel Sanders,285,PIT,3,82,2010,SMU,2006,2009,47,285,3791,13.3,34,80.7,WR,SMU,emmanuel-sanders-1
170,Ace Sanders,99,JAX,4,101,2013,South Carolina,2010,2012,40,99,1230,12.4,13,30.8,WR,South Carolina,ace-sanders-1
171,Deebo Samuel,148,SFO,2,36,2019,South Carolina,2015,2018,30,148,2076,14.0,16,69.2,WR,South Carolina,deebo-samuel-1
172,Demarco Sampson,146,CRD,7,249,2011,San Diego State,2005,2010,48,146,2242,15.4,18,46.7,WR,San Diego State,demarco-sampson-1
173,P.K. Sam,76,NWE,5,164,2004,Florida State,2001,2003,35,76,1066,14.0,7,30.5,WR,Florida State,pk-sam-1
174,Greg Salas,285,RAM,4,112,2011,Hawaii,2007,2010,48,285,4345,15.2,26,90.5,WR,Hawaii,greg-salas-1
175,Mike Sainristil,37,WAS,2,50,2024,Michigan,2019,2021,33,37,539,14.6,5,16.3,WR,Michigan,mike-sainristil-1
176,Cliff Russell,124,WAS,3,87,2002,Utah,1999,2001,28,124,1862,15.0,10,66.5,WR,Utah,cliff-russell-1
177,Henry Ruggs III,98,RAI,1,12,2020,Alabama,2017,2019,41,98,1716,17.5,24,41.9,WR,Alabama,henry-ruggs-iii-1
178,Eddie Royal,119,DEN,2,42,2008,Virginia Tech,2004,2007,51,119,1778,14.9,12,34.9,WR,Virginia Tech,eddie-royal-1
179,John Ross,114,CIN,1,9,2017,Washington,2013,2016,40,114,1729,15.2,22,43.2,WR,Washington,john-ross-1
180,Charles Rogers,125,DET,1,2,2003,Michigan State,2001,2002,23,125,2551,20.4,25,110.9,WR,Michigan State,charles-rogers-1
181,Richard Rodgers,39,GNB,3,98,2014,California,2013,2013,11,39,608,15.6,1,55.3,WR,California,richard-rodgers-1
182,Amari Rodgers,181,GNB,3,85,2021,Clemson,2017,2020,55,181,2144,11.8,15,39.0,WR,Clemson,amari-rodgers-1
183,Courtney Roby,170,OTI,3,68,2005,Indiana,2001,2004,45,170,2524,14.8,12,56.1,WR,Indiana,courtney-roby-1
184,Brian Robiskie,127,CLE,2,36,2009,Ohio State,2005,2008,51,127,1866,14.7,24,36.6,WR,Ohio State,brian-robiskie-1
185,Wan'Dale Robinson,195,NYG,2,43,2022,Kentucky,2019,2021,31,195,2248,11.5,10,72.5,WR,KentuckyNebraska,wandale-robinson-1
186,Ryne Robinson,258,CAR,4,118,2007,Miami (OH),2003,2006,50,258,3697,14.3,22,73.9,WR,Miami (OH),ryne-robinson-1
187,Koren Robinson,110,SEA,1,9,2001,North Carolina State,1999,2000,22,110,1914,17.4,15,87.0,WR,North Carolina State,koren-robinson-1
188,Kevin Robinson,178,KAN,6,182,2008,Utah State,2004,2007,46,178,2485,14.0,21,54.0,WR,Utah State,kevin-robinson-1
189,Dominique Robinson,27,CHI,5,174,2022,Miami (OH),2018,2019,26,27,452,16.7,4,17.4,WR,Miami (OH),dominique-robinson-1
190,Demarcus Robinson,107,KAN,4,126,2016,Florida,2013,2015,29,107,1366,12.8,9,47.1,WR,Florida,demarcus-robinson-3
191,Allen Robinson,177,JAX,2,61,2014,Penn State,2011,2013,35,177,2479,14.0,17,70.8,WR,Penn State,allen-robinson-1
192,Aldrick Robinson,181,WAS,6,178,2011,SMU,2007,2010,46,181,3314,18.3,30,72.0,WR,SMU,aldrick-robinson-1
193,Adrien Robinson,29,NYG,4,127,2012,Cincinnati,2008,2011,39,29,434,15.0,5,11.1,WR,Cincinnati,adrien-robinson-1
194,Chris Roberson,74,JAX,7,237,2005,Eastern Michigan,2002,2003,24,74,717,9.7,9,29.9,WR,Eastern Michigan,chris-roberson-1
195,Riley Ridley,70,CHI,4,126,2019,Georgia,2016,2018,39,70,1026,14.7,13,26.3,WR,Georgia,riley-ridley-1
196,Calvin Ridley,224,ATL,1,26,2018,Alabama,2015,2017,44,224,2781,12.4,19,63.2,WR,Alabama,calvin-ridley-1
197,Dante Ridgeway,238,RAM,6,192,2005,Ball State,2002,2004,35,238,3030,12.7,22,86.6,WR,Ball State,dante-ridgeway-1
198,Theo Riddick,78,DET,6,199,2013,Notre Dame,2010,2011,20,78,850,10.9,6,42.5,WR,Notre Dame,theo-riddick-1
199,Paul Richardson,122,SEA,2,45,2014,Colorado,2011,2013,21,122,1898,15.6,15,90.4,WR,Colorado,paul-richardson-1
200,Sidney Rice,142,MIN,2,44,2007,South Carolina,2005,2006,24,142,2233,15.7,23,93.0,WR,South Carolina,sidney-rice-1
201,Rashee Rice,233,KAN,2,55,2023,SMU,2019,2022,44,233,3111,13.4,25,70.7,WR,SMU,rashee-rice-1
202,Brenden Rice,111,SDG,7,225,2024,USC,2020,2023,43,111,1821,16.4,21,42.3,WR,ColoradoUSC,brenden-rice-1
203,Josh Reynolds,164,RAM,4,117,2017,Texas A&M,2014,2016,38,164,2788,17.0,30,73.4,WR,Texas A&M,josh-reynolds-1
204,Hunter Renfrow,186,RAI,5,149,2019,Clemson,2015,2018,55,186,2133,11.5,15,38.8,WR,Clemson,hunter-renfrow-1
205,Willie Reid,65,PIT,3,95,2006,Florida State,2004,2005,22,65,820,12.6,2,37.3,WR,Florida State,willie-reid-1
206,Tevin Reese,187,SDG,7,240,2014,Baylor,2010,2013,47,187,3102,16.6,24,66.0,WR,Baylor,tevin-reese-1
207,Josh Reed,167,BUF,2,36,2002,LSU,1999,2001,31,167,3001,18.0,17,96.8,WR,LSU,josh-reed-1
208,Joe Reed,129,SDG,5,151,2020,Virginia,2016,2019,50,129,1465,11.4,16,29.3,WR,Virginia,joe-reed-4
209,Jayden Reed,203,GNB,2,50,2023,Michigan State,2018,2022,44,203,2866,14.1,26,65.1,WR,Michigan StateWestern Michigan,jayden-reed-1
210,David Reed,106,RAV,5,156,2010,Utah,2008,2009,26,106,1615,15.2,11,62.1,WR,Utah,david-reed-1
211,Jalen Reagor,148,PHI,1,21,2020,Texas Christian,2017,2019,39,148,2248,15.2,22,57.6,WR,Texas Christian,jalen-reagor-1
212,Damion Ratley,47,CLE,6,175,2018,Texas A&M,2015,2017,36,47,920,19.6,8,25.6,WR,Texas A&M,damion-ratley-1
213,Rueben Randle,97,NYG,2,63,2012,LSU,2009,2011,40,97,1634,16.8,13,40.9,WR,LSU,rueben-randle-1
214,Ken-Yon Rambo,103,RAI,7,229,2001,Ohio State,1997,2000,44,103,1781,17.3,9,40.5,WR,Ohio State,ken-yon-rambo-1
215,Chris Rainey,25,PIT,5,159,2012,Florida,2010,2010,8,25,216,8.6,3,27.0,WR,Florida,chris-rainey-1
216,Trey Quinn,136,WAS,7,256,2018,SMU,2014,2017,38,136,1512,11.1,13,39.8,WR,LSUSMU,trey-quinn-1
217,Jeb Putzier,118,DEN,6,191,2002,Boise State,1999,2001,35,118,1930,16.4,17,55.1,WR,Boise State,jeb-putzier-1
218,C.J. Prosise,36,SEA,3,90,2016,Notre Dame,2013,2014,22,36,588,16.3,2,26.7,WR,Notre Dame,cj-prosise-1
219,Austin Proehl,91,BUF,7,255,2018,North Carolina,2014,2017,43,91,1265,13.9,5,29.4,WR,North Carolina,austin-proehl-1
220,James Proche,301,RAV,6,201,2020,SMU,2016,2019,50,301,3949,13.1,39,79.0,WR,SMU,james-proche-1
221,Taylor Price,149,NWE,3,90,2010,Ohio,2006,2009,52,149,2019,13.6,14,38.8,WR,Ohio,taylor-price-1
222,Cornell Powell,93,KAN,5,181,2021,Clemson,2016,2020,54,93,1211,13.0,10,22.4,WR,Clemson,cornell-powell-1
223,Devier Posey,136,HTX,3,68,2012,Ohio State,2008,2011,42,136,1955,14.4,18,46.5,WR,Ohio State,devier-posey-1
224,Tony Pollard,68,DAL,4,128,2019,Memphis,2016,2018,27,68,756,11.1,5,28.0,WR,Memphis,tony-pollard-1
225,Ja'lynn Polk,143,NWE,2,37,2024,Washington,2020,2024,41,143,2231,15.6,18,54.4,WR,Texas TechWashington,jalynn-polk-1
226,Michael Pittman Jr.,171,CLT,2,34,2020,USC,2016,2019,48,171,2519,14.7,19,52.5,WR,USC,michael-pittman-jr-1
227,Todd Pinkston,149,PHI,2,36,2000,Southern Mississippi,1996,1999,44,149,2366,15.9,22,53.8,WR,Southern Mississippi,todd-pinkston-1
228,Kealoha Pilares,183,CAR,5,132,2011,Hawaii,2008,2010,36,183,2242,12.3,21,62.3,WR,Hawaii,kealoha-pilares-1
229,Alec Pierce,106,CLT,2,53,2022,Cincinnati,2018,2021,45,106,1851,17.5,12,41.1,WR,Cincinnati,alec-pierce-2
230,George Pickens,90,PIT,2,52,2022,Georgia,2019,2021,26,90,1347,15.0,14,51.8,WR,Georgia,george-pickens-1
231,Darius Phillips,32,CIN,5,170,2018,Western Michigan,2014,2014,12,32,479,15.0,2,39.9,WR,Western Michigan,darius-phillips-1
232,Kyle Philips,163,OTI,5,163,2022,UCLA,2018,2021,35,163,1821,11.2,17,52.0,WR,UCLA,kyle-philips-4
233,Dante Pettis,163,SFO,2,44,2018,Washington,2014,2017,53,163,2256,13.8,24,42.6,WR,Washington,dante-pettis-1
234,Austin Pettis,229,RAM,3,78,2011,Boise State,2007,2010,52,229,2838,12.4,39,54.6,WR,Boise State,austin-pettis-1
235,Tab Perry,84,CIN,6,190,2005,UCLA,2000,2004,42,84,1547,18.4,6,36.8,WR,UCLA,tab-perry-1
236,A.T. Perry,171,NOR,6,195,2023,Wake Forest,2019,2022,43,171,2662,15.6,28,61.9,WR,Wake Forest,at-perry-1
237,Breshad Perriman,115,RAV,1,26,2015,UCF,2012,2014,39,115,2243,19.5,16,57.5,WR,UCF,breshad-perriman-1
238,Donovan Peoples-Jones,103,CLE,6,187,2020,Michigan,2017,2019,37,103,1327,12.9,14,35.9,WR,Michigan,donovan-peoples-jones-1
239,Ricky Pearsall,159,SFO,1,31,2024,Florida,2019,2023,55,159,2420,15.2,14,44.0,WR,Arizona StateFlorida,ricky-pearsall-1
240,Charone Peake,99,NYJ,7,241,2016,Clemson,2011,2015,51,99,1172,11.8,10,23.0,WR,Clemson,charone-peake-1
241,Jordan Payton,201,CLE,5,154,2016,UCLA,2012,2015,51,201,2702,13.4,14,53.0,WR,UCLA,jordan-payton-1
242,Niles Paul,103,WAS,5,155,2011,Nebraska,2007,2010,46,103,1532,14.9,5,33.3,WR,Nebraska,niles-paul-1
243,Quinton Patton,183,SFO,4,128,2013,Louisiana Tech,2011,2012,25,183,2594,14.2,24,103.8,WR,Louisiana Tech,quinton-patton-1
244,Cordarrelle Patterson,46,MIN,1,29,2013,Tennessee,2012,2012,12,46,778,16.9,5,64.8,WR,Tennessee,cordarrelle-patterson-1
245,Dezmon Patmon,156,CLT,6,212,2020,Washington State,2016,2019,42,156,1976,12.7,13,47.0,WR,Washington State,dezmon-patmon-1
246,Roscoe Parrish,86,BUF,2,55,2005,Miami (FL),2002,2004,36,86,1355,15.8,12,37.6,WR,Miami (FL),roscoe-parrish-1
247,Samie Parker,169,KAN,4,105,2004,Oregon,2000,2003,48,169,2599,15.4,18,54.1,WR,Oregon,samie-parker-1
248,Devante Parker,156,MIA,1,14,2015,Louisville,2011,2014,43,156,2775,17.8,33,64.5,WR,Louisville,devante-parker-1
249,Trey Palmer,112,TAM,6,191,2023,Nebraska,2019,2022,40,112,1501,13.4,12,37.5,WR,LSUNebraska,trey-palmer-1
250,Tejhaun Palmer,83,CRD,6,191,2024,UAB,2021,2023,37,83,1409,17.0,9,38.1,WR,UAB,tejhaun-palmer-1
251,Josh Palmer,99,SDG,3,77,2021,Tennessee,2017,2020,47,99,1514,15.3,7,32.2,WR,Tennessee,josh-palmer-1
252,Chad Owens,239,JAX,6,185,2005,Hawaii,2001,2004,44,239,3031,12.7,29,68.9,WR,Hawaii,chad-owens-1
253,K.J. Osborn,146,MIN,5,176,2020,Miami (FL),2016,2019,51,146,2037,14.0,17,39.9,WR,BuffaloMiami (FL),kj-osborn-1
254,Chris Olave,176,NOR,1,11,2022,Ohio State,2018,2021,47,176,2711,15.4,35,57.7,WR,Ohio State,chris-olave-1
255,Rome Odunze,214,CHI,1,9,2024,Washington,2020,2024,40,214,3272,15.3,24,81.8,WR,Washington,rome-odunze-1
256,Ben Obomanu,97,SEA,7,249,2006,Auburn,2002,2005,51,97,1313,13.5,18,25.7,WR,Auburn,ben-obomanu-1
257,Kevin Norwood,81,SEA,4,123,2014,Alabama,2010,2013,49,81,1275,15.7,12,26.0,WR,Alabama,kevin-norwood-1
258,Dennis Northcutt,217,CLE,2,32,2000,Arizona,1996,1999,46,217,3186,14.7,24,69.3,WR,Arizona,dennis-northcutt-1
259,Tre Nixon,109,NWE,7,242,2021,UCF,2017,2020,40,109,1671,15.3,13,41.8,WR,Ole MissUCF,tre-nixon-1
260,Hakeem Nicks,181,NYG,1,29,2009,North Carolina,2006,2008,36,181,2840,15.7,21,78.9,WR,North Carolina,hakeem-nicks-1
261,Kendall Newson,208,JAX,7,222,2002,Middle Tennessee State,1999,2001,33,208,2659,12.8,17,80.6,WR,Middle Tennessee State,kendall-newson-1
262,Dazz Newsome,188,CHI,6,221,2021,North Carolina,2017,2020,44,188,2435,13.0,18,55.3,WR,North Carolina,dazz-newsome-1
263,Jordy Nelson,206,GNB,2,36,2008,Kansas State,2005,2007,36,206,2822,13.7,20,78.4,WR,Kansas State,jordy-nelson-1
264,Jalen Nailor,86,MIN,6,191,2022,Michigan State,2018,2021,28,86,1453,16.9,12,51.9,WR,Michigan State,jalen-nailor-1
265,Puka Nacua,107,RAM,5,177,2023,BYU,2019,2022,32,107,1749,16.3,14,54.7,WR,BYUWashington,puka-nacua-1
266,Malik Nabers,189,NYG,1,6,2024,LSU,2021,2024,38,189,3003,15.9,21,79.0,WR,LSU,malik-nabers-1
267,Legedu Naanee,69,SDG,5,172,2007,Boise State,2005,2006,26,69,1024,14.8,12,39.4,WR,Boise State,legedu-naanee-1
268,Terrence Murphy,172,GNB,2,58,2005,Texas A&M,2001,2004,45,172,2600,15.1,10,57.8,WR,Texas A&M,terrence-murphy-1
269,Louis Murphy,77,RAI,4,124,2009,Florida,2005,2008,48,77,1245,16.2,13,25.9,WR,Florida,louis-murphy-1
270,Keith Mumphery,88,HTX,5,175,2015,Michigan State,2011,2014,52,88,1348,15.3,7,25.9,WR,Michigan State,keith-mumphery-1
271,Sinorice Moss,68,NYG,2,44,2006,Miami (FL),2002,2005,48,68,1106,16.3,9,23.0,WR,Miami (FL),sinorice-moss-1
272,Santana Moss,143,NYJ,1,16,2001,Miami (FL),1997,2000,42,143,2547,17.8,19,60.6,WR,Miami (FL),santana-moss-1
273,Quincy Morgan,106,CLE,2,33,2001,Kansas State,1999,2000,24,106,2173,20.5,23,90.5,WR,Kansas State,quincy-morgan-1
274,Josh Morgan,122,SFO,6,174,2008,Virginia Tech,2004,2007,51,122,1817,14.9,16,35.6,WR,Virginia Tech,josh-morgan-2
275,Johnnie Morant,88,RAI,5,134,2004,Syracuse,2001,2003,32,88,1535,17.4,7,48.0,WR,Syracuse,johnnie-morant-1
276,Skyy Moore,171,KAN,2,54,2022,Western Michigan,2019,2021,30,171,2482,14.5,15,82.7,WR,Western Michigan,skyy-moore-1
277,Rondale Moore,178,CRD,2,49,2021,Purdue,2018,2020,20,178,1915,10.8,14,95.8,WR,Purdue,rondale-moore-1
278,Mewelde Moore,33,MIN,4,119,2004,Tulane,2000,2000,10,33,350,10.6,1,35.0,WR,Tulane,mewelde-moore-1
279,Kenneth Moore,139,DET,5,136,2008,Wake Forest,2004,2007,39,139,1458,10.5,7,37.4,WR,Wake Forest,kenneth-moore-1
280,J'Mon Moore,158,GNB,4,133,2018,Missouri,2014,2017,49,158,2477,15.7,21,50.6,WR,Missouri,jmon-moore-2
281,Elijah Moore,189,NYJ,2,34,2021,Ole Miss,2018,2020,32,189,2441,12.9,16,76.3,WR,Ole Miss,elijah-moore-1
282,Denarius Moore,112,RAI,5,148,2011,Tennessee,2007,2010,52,112,2004,17.9,18,38.5,WR,Tennessee,denarius-moore-1
283,D.J. Moore,146,CAR,1,24,2018,Maryland,2015,2017,37,146,2027,13.9,17,54.8,WR,Maryland,dj-moore-3
284,Chris Moore,119,RAV,4,107,2016,Cincinnati,2012,2015,50,119,2301,19.3,26,46.0,WR,Cincinnati,chris-moore-4
285,Darnell Mooney,154,CHI,5,173,2020,Tulane,2016,2019,50,154,2572,16.7,19,51.4,WR,Tulane,darnell-mooney-1
286,Ty Montgomery,172,GNB,3,94,2015,Stanford,2011,2014,49,172,2125,12.4,15,43.4,WR,Stanford,ty-montgomery-1
287,Marcus Monk,138,CHI,7,248,2008,Arkansas,2004,2007,43,138,2151,15.6,27,50.0,WR,Arkansas,marcus-monk-1
288,Donte Moncrief,156,CLT,3,90,2014,Ole Miss,2011,2013,38,156,2371,15.2,20,62.4,WR,Ole Miss,donte-moncrief-1
289,Marko Mitchell,153,WAS,7,243,2009,Nevada,2006,2008,39,153,2763,18.1,22,70.8,WR,Nevada,marko-mitchell-1
290,Malcolm Mitchell,174,NWE,4,112,2016,Georgia,2011,2015,46,174,2350,13.5,16,51.1,WR,Georgia,malcolm-mitchell-2
291,Freddie Mitchell,110,PHI,1,25,2001,UCLA,1998,2000,33,110,1955,17.8,9,59.2,WR,UCLA,freddie-mitchell-1
292,Dillon Mitchell,119,MIN,7,239,2019,Oregon,2016,2018,31,119,1710,14.4,14,55.2,WR,Oregon,dillon-mitchell-1
293,Carlton Mitchell,105,CLE,6,177,2010,South Florida,2007,2009,37,105,1648,15.7,9,44.5,WR,South Florida,carlton-mitchell-1
294,Adonai Mitchell,93,CLT,2,52,2024,Texas,2021,2024,35,93,1405,15.1,18,40.1,WR,GeorgiaTexas,adonai-mitchell-1
295,Snoop Minnis,115,KAN,3,77,2001,Florida State,1997,2000,42,115,2098,18.2,17,50.0,WR,Florida State,snoop-minnis-1
296,Jonathan Mingo,112,CAR,2,39,2023,Ole Miss,2019,2022,41,112,1758,15.7,12,42.9,WR,Ole Miss,jonathan-mingo-1
297,Marvin Mims,123,DEN,2,63,2023,Oklahoma,2020,2022,37,123,2398,19.5,20,64.8,WR,Oklahoma,marvin-mims-1
298,Denzel Mims,186,NYJ,2,59,2020,Baylor,2016,2019,48,186,2925,15.7,28,60.9,WR,Baylor,denzel-mims-1
299,Dax Milne,101,WAS,7,258,2021,BYU,2018,2020,35,101,1542,15.3,11,44.1,WR,BYU,dax-milne-1
300,Scott Miller,215,TAM,6,208,2019,Bowling Green,2015,2018,45,215,2867,13.3,23,63.7,WR,Bowling Green,scott-miller-3
301,Braxton Miller,26,HTX,3,85,2016,Ohio State,2015,2015,13,26,341,13.1,3,26.2,WR,Ohio State,braxton-miller-1
302,Anthony Miller,238,CHI,2,51,2018,Memphis,2015,2017,38,238,3590,15.1,37,94.5,WR,Memphis,anthony-miller-6
303,John Metchie,155,HTX,2,44,2022,Alabama,2019,2021,39,155,2081,13.4,14,53.4,WR,Alabama,john-metchie-1
304,D.K. Metcalf,67,SEA,2,64,2019,Ole Miss,2016,2018,21,67,1228,18.3,14,58.5,WR,Ole Miss,dk-metcalf-1
305,Bo Melton,164,SEA,7,229,2022,Rutgers,2017,2021,56,164,2011,12.3,11,35.9,WR,Rutgers,bo-melton-1
306,Kerry Meier,199,ATL,5,165,2010,Kansas,2008,2009,25,199,2030,10.2,16,81.2,WR,Kansas,kerry-meier-1
307,Bub Means,90,NOR,5,170,2024,Pitt,2021,2023,36,90,1552,17.2,10,43.1,WR,Louisiana TechPitt,bub-means-1
308,Robert Meachem,125,NOR,1,27,2007,Tennessee,2004,2006,37,125,2140,17.1,17,57.8,WR,Tennessee,robert-meachem-1
309,Marvin McNutt,169,PHI,6,194,2012,Iowa,2009,2011,39,169,2850,16.9,28,73.1,WR,Iowa,marvin-mcnutt-1
310,Billy McMullen,210,PHI,3,95,2003,Virginia,1999,2002,48,210,2978,14.2,24,62.0,WR,Virginia,billy-mcmullen-1
311,Jalen McMillan,164,TAM,3,92,2024,Washington,2020,2024,38,164,2143,13.1,17,56.4,WR,Washington,jalen-mcmillan-1
312,Racey McMath,33,OTI,6,205,2021,LSU,2018,2020,32,33,522,15.8,4,16.3,WR,LSU,racey-mcmath-1
313,Terry McLaurin,75,WAS,3,76,2019,Ohio State,2015,2018,53,75,1251,16.7,19,23.6,WR,Ohio State,terry-mclaurin-1
314,Scotty McKnight,219,NYJ,7,227,2011,Colorado,2007,2010,49,219,2588,11.8,22,52.8,WR,Colorado,scotty-mcknight-1
315,Kenny McKinley,207,DEN,5,141,2009,South Carolina,2005,2008,47,207,2781,13.4,19,59.2,WR,South Carolina,kenny-mckinley-1
316,Isaiah McKenzie,60,DEN,5,172,2017,Georgia,2014,2016,35,60,823,13.7,7,23.5,WR,Georgia,isaiah-mckenzie-1
317,Shaun McDonald,152,RAM,4,106,2003,Arizona State,2000,2002,36,152,2806,18.5,24,77.9,WR,Arizona State,shaun-mcdonald-1
318,Quentin McCord,112,ATL,7,236,2001,Kentucky,1996,2000,39,112,1743,15.6,15,44.7,WR,Kentucky,quentin-mccord-1
319,Ladd McConkey,119,SDG,2,34,2024,Georgia,2021,2024,39,119,1687,14.2,14,43.3,WR,Georgia,ladd-mcconkey-1
320,Dexter McCluster,115,KAN,2,36,2010,Ole Miss,2007,2009,34,115,1471,12.8,6,43.3,WR,Ole Miss,dexter-mccluster-1
321,Ray-Ray McCloud,127,BUF,6,187,2018,Clemson,2015,2017,40,127,1226,9.7,4,30.7,WR,Clemson,ray-ray-mccloud-1
322,Justin McCareins,204,OTI,4,124,2001,Northern Illinois,1997,2000,44,204,2991,14.7,29,68.0,WR,Northern Illinois,justin-mccareins-1
323,Luke McCaffrey,129,WAS,3,100,2024,Rice,2022,2024,24,129,1715,13.3,19,71.5,WR,Rice,luke-mccaffrey-1
324,Jason McAddley,71,CRD,5,149,2002,Alabama,1998,2001,44,71,1020,14.4,8,23.2,WR,Alabama,jason-mcaddley-1
325,Lee Mays,200,PIT,6,202,2002,UTEP,1998,2001,45,200,2920,14.6,28,64.9,WR,UTEP,lee-mays-1
326,Vince Mayle,148,CLE,4,123,2015,Washington State,2013,2014,23,148,2022,13.7,16,87.9,WR,Washington State,vince-mayle-1
327,Marcus Maxwell,36,SFO,7,223,2005,Oregon,2003,2004,18,36,401,11.1,2,22.3,WR,Oregon,marcus-maxwell-1
328,Rishard Matthews,147,MIA,7,227,2012,Nevada,2010,2011,26,147,2243,15.3,13,86.3,WR,Nevada,rishard-matthews-1
329,Jordan Matthews,262,PHI,2,42,2014,Vanderbilt,2010,2013,51,262,3759,14.3,24,73.7,WR,Vanderbilt,jordan-matthews-1
330,Mohamed Massaquoi,158,CLE,2,50,2009,Georgia,2005,2008,51,158,2282,14.4,16,44.7,WR,Georgia,mohamed-massaquoi-1
331,Keshawn Martin,127,HTX,4,121,2012,Michigan State,2008,2011,48,127,1714,13.5,10,35.7,WR,Michigan State,keshawn-martin-1
332,David Martin,46,GNB,6,198,2001,Tennessee,1997,2000,42,46,543,11.8,5,12.9,WR,Tennessee,david-martin-2
333,Terrace Marshall Jr.,106,CAR,2,59,2021,LSU,2018,2020,32,106,1594,15.0,23,49.8,WR,LSU,terrace-marshall-jr-1
334,Brandon Marshall,112,DEN,4,119,2006,UCF,2002,2005,44,112,1674,14.9,13,38.0,WR,UCF,brandon-marshall-1
335,Mario Manningham,137,NYG,3,95,2008,Michigan,2005,2007,34,137,2310,16.9,27,67.9,WR,Michigan,mario-manningham-1
336,Maurice Mann,53,CIN,5,149,2004,Nevada,2002,2003,20,53,827,15.6,5,41.4,WR,Nevada,maurice-mann-1
337,Josh Malone,104,CIN,4,128,2017,Tennessee,2014,2016,39,104,1608,15.5,14,41.2,WR,Tennessee,josh-malone-1
338,Adrian Madise,82,DEN,5,158,2003,Texas Christian,2001,2002,22,82,1343,16.4,7,61.0,WR,Texas Christian,adrian-madise-1
339,Jeremy Maclin,182,PHI,1,19,2009,Missouri,2007,2008,28,182,2315,12.7,22,82.7,WR,Missouri,jeremy-maclin-1
340,Triandos Luke,90,DEN,6,171,2004,Alabama,2000,2003,44,90,1072,11.9,9,24.4,WR,Alabama,triandos-luke-1
341,Devin Lucien,124,NWE,7,225,2016,Arizona State,2012,2015,44,124,1827,14.7,12,41.5,WR,Arizona StateUCLA,devin-lucien-1
342,Ricardo Louis,98,CLE,4,114,2016,Auburn,2012,2015,50,98,1338,13.7,8,26.8,WR,Auburn,ricardo-louis-1
343,Drake London,160,ATL,1,8,2022,USC,2019,2021,27,160,2153,13.5,15,79.7,WR,USC,drake-london-1
344,Tyler Lockett,249,SEA,3,69,2015,Kansas State,2011,2014,47,249,3710,14.9,29,78.9,WR,Kansas State,tyler-lockett-1
345,Brandon Lloyd,152,SFO,4,124,2003,Illinois,1999,2002,34,152,2470,16.3,19,72.6,WR,Illinois,brandon-lloyd-1
346,Greg Little,75,CLE,2,59,2011,North Carolina,2007,2009,24,75,823,11.0,6,34.3,WR,North Carolina,greg-little-1
347,Kolby Listenbee,74,BUF,6,192,2016,Texas Christian,2012,2015,35,74,1432,19.4,9,40.9,WR,Texas Christian,kolby-listenbee-1
348,Tony Lippett,145,MIA,5,156,2015,Michigan State,2012,2014,38,145,2203,15.2,15,58.0,WR,Michigan State,tony-lippett-1
349,Ashley Lelie,194,DEN,1,19,2002,Hawaii,1999,2001,36,194,3341,17.2,32,92.8,WR,Hawaii,ashley-lelie-1
350,Xavier Legette,113,CAR,1,32,2024,South Carolina,2019,2023,53,113,1678,14.8,12,31.7,WR,South Carolina,xavier-legette-1
351,Marqise Lee,248,JAX,2,39,2014,USC,2011,2013,36,248,3655,14.7,29,101.5,WR,USC,marqise-lee-1
352,Charles Lee,162,GNB,7,242,2000,UCF,1997,1999,33,162,2249,13.9,14,68.2,WR,UCF,charles-lee-1
353,Kenny Lawler,143,SEA,7,243,2016,California,2013,2015,35,143,1706,11.9,27,48.7,WR,California,kenny-lawler-1
354,Cody Latimer,135,DEN,2,56,2014,Indiana,2011,2013,32,135,2042,15.1,17,63.8,WR,Indiana,cody-latimer-1
355,Jordan Lasley,113,RAV,5,162,2018,UCLA,2015,2017,29,113,1901,16.8,14,65.6,WR,UCLA,jordan-lasley-1
356,Jarvis Landry,137,MIA,2,63,2014,LSU,2011,2013,40,137,1809,13.2,15,45.2,WR,LSU,jarvis-landry-1
357,CeeDee Lamb,173,DAL,1,17,2020,Oklahoma,2017,2019,41,173,3292,19.0,32,80.3,WR,Oklahoma,ceedee-lamb-1
358,Brandon Lafell,175,CAR,3,78,2010,LSU,2006,2009,51,175,2517,14.4,25,49.4,WR,LSU,brandon-lafell-1
359,Christian Kirk,234,CRD,2,47,2018,Texas A&M,2015,2017,39,234,2856,12.2,26,73.2,WR,Texas A&M,christian-kirk-1
360,Tavarres King,136,DEN,5,161,2013,Georgia,2008,2012,56,136,2602,19.1,21,46.5,WR,Georgia,tavarres-king-1
361,Andre King,64,CLE,7,245,2001,Miami (FL),1997,2000,41,64,834,13.0,3,20.3,WR,Miami (FL),andre-king-1
362,Jeremy Kerley,120,NYJ,5,153,2011,Texas Christian,2007,2010,50,120,1299,10.8,12,26.0,WR,Texas Christian,jeremy-kerley-1
363,Jordan Kent,47,SEA,6,210,2007,Oregon,2005,2006,21,47,605,12.9,5,28.8,WR,Oregon,jordan-kent-1
364,Lance Kendricks,35,RAM,2,47,2011,Wisconsin,2008,2009,20,35,497,14.2,3,24.9,WR,Wisconsin,lance-kendricks-1
365,Malcolm Kelly,144,WAS,2,51,2008,Oklahoma,2005,2007,39,144,2285,15.9,21,58.6,WR,Oklahoma,malcolm-kelly-1
366,Kevin Kasper,157,DEN,6,190,2001,Iowa,1997,2000,43,157,1974,12.6,11,45.9,WR,Iowa,kevin-kasper-1
367,Zay Jones,399,BUF,2,37,2017,East Carolina,2013,2016,49,399,4279,10.7,23,87.3,WR,East Carolina,isaiah-jones-2
368,Velus Jones Jr.,120,CHI,3,71,2022,Tennessee,2016,2021,62,120,1434,12.0,11,23.1,WR,TennesseeUSC,velus-jones-jr-1
369,T.J. Jones,181,DET,6,189,2014,Notre Dame,2010,2013,51,181,2429,13.4,19,47.6,WR,Notre Dame,tj-jones-2
370,Marvin Jones,156,CIN,5,166,2012,California,2008,2011,43,156,2270,14.6,13,52.8,WR,California,marvin-jones-1
371,Mark Jones,36,TAM,7,206,2004,Tennessee,2001,2003,25,36,556,15.4,5,22.2,WR,Tennessee,mark-jones-1
372,Julio Jones,179,ATL,1,6,2011,Alabama,2008,2010,40,179,2653,14.8,15,66.3,WR,Alabama,julio-jones-1
373,James Jones,126,GNB,3,78,2007,San Jose State,2003,2006,44,126,1496,11.9,12,34.0,WR,San Jose State,james-jones-3
374,Daryl Jones,59,NYG,7,226,2002,Miami (FL),1997,2001,39,59,819,13.9,5,21.0,WR,Miami (FL),daryl-jones-1
375,Charlie Jones,149,CIN,4,131,2023,Purdue,2018,2022,49,149,2079,14.0,18,42.4,WR,BuffaloIowaPurdue,charlie-jones-7
376,Brandon Jones,82,OTI,3,96,2005,Oklahoma,2001,2004,46,82,1187,14.5,14,25.8,WR,Oklahoma,brandon-jones-3
377,Quentin Johnston,115,SDG,1,21,2023,Texas Christian,2020,2022,32,115,2190,19.0,14,68.4,WR,Texas Christian,quentin-johnston-1
378,Tyler Johnson,199,TAM,5,161,2020,Minnesota,2016,2019,47,199,3094,15.5,30,65.8,WR,Minnesota,tyler-johnson-6
379,Teyo Johnson,41,RAI,2,63,2003,Stanford,2002,2002,11,41,467,11.4,8,42.5,WR,Stanford,teyo-johnson-1
380,Steve Johnson,72,BUF,7,224,2008,Kentucky,2006,2007,26,72,1200,16.7,14,46.2,WR,Kentucky,steve-johnson-2
381,Ronald Johnson,138,SFO,6,182,2011,USC,2007,2010,47,138,1750,12.7,20,37.2,WR,USC,ronald-johnson-2
382,Ron Johnson,189,RAV,4,123,2002,Minnesota,1998,2001,44,189,2877,15.2,29,65.4,WR,Minnesota,ron-johnson-1
383,Olabisi Johnson,125,MIN,7,247,2019,Colorado State,2015,2018,49,125,2019,16.2,11,41.2,WR,Colorado State,olabisi-johnson-1
384,Manuel Johnson,119,DAL,7,229,2009,Oklahoma,2005,2008,48,119,1710,14.4,17,35.6,WR,Oklahoma,manuel-johnson-1
385,KeeSean Johnson,275,CRD,6,174,2019,Fresno State,2015,2018,52,275,3463,12.6,24,66.6,WR,Fresno State,keesean-johnson-1
386,Diontae Johnson,137,PIT,3,66,2019,Toledo,2015,2018,38,137,2276,16.6,24,59.9,WR,Toledo,diontae-johnson-1
387,Cornelius Johnson,138,SDG,7,253,2024,Michigan,2019,2023,61,138,2038,14.8,14,33.4,WR,Michigan,cornelius-johnson-1
388,Collin Johnson,188,JAX,5,165,2020,Texas,2016,2019,44,188,2624,14.0,15,59.6,WR,Texas,collin-johnson-2
389,Chad Johnson,33,CIN,2,36,2001,Oregon State,2000,2000,11,33,713,21.6,6,64.8,WR,Oregon State,chad-johnson-1
390,Calvin Johnson,178,DET,1,2,2007,Georgia Tech,2004,2006,38,178,2927,16.4,28,77.0,WR,Georgia Tech,calvin-johnson-1
391,Bryant Johnson,110,CRD,1,17,2003,Penn State,1999,2002,47,110,2008,18.3,10,42.7,WR,Penn State,bryant-johnson-1
392,Bethel Johnson,117,NWE,2,45,2003,Texas A&M,1999,2002,35,117,1740,14.9,11,49.7,WR,Texas A&M,bethel-johnson-1
393,Andre Johnson,92,HTX,1,3,2003,Miami (FL),2000,2002,34,92,1831,19.9,20,53.9,WR,Miami (FL),andre-johnson-1
394,Jerry Jeudy,159,DEN,1,15,2020,Alabama,2017,2019,42,159,2742,17.2,26,65.3,WR,Alabama,jerry-jeudy-1
395,Jerrel Jernigan,262,NYG,3,83,2011,Troy,2007,2010,50,262,3128,11.9,18,62.6,WR,Troy,jerrel-jernigan-1
396,Jauan Jennings,146,SFO,7,217,2020,Tennessee,2015,2019,51,146,2153,14.7,18,42.2,WR,Tennessee,jauan-jennings-1
397,Greg Jennings,238,GNB,2,52,2006,Western Michigan,2002,2005,42,238,3539,14.9,39,84.3,WR,Western Michigan,greg-jennings-1
398,Gary Jennings,168,SEA,4,120,2019,West Virginia,2015,2018,50,168,2294,13.7,17,45.9,WR,West Virginia,gary-jennings-1
399,Michael Jenkins,157,ATL,1,29,2004,Ohio State,2001,2003,38,157,2746,17.5,16,72.3,WR,Ohio State,michael-jenkins-1
400,A.J. Jenkins,167,SFO,1,30,2012,Illinois,2008,2011,46,167,2432,14.6,19,52.9,WR,Illinois,aj-jenkins-1
401,Alshon Jeffery,183,CHI,2,45,2012,South Carolina,2009,2011,40,183,3042,16.6,23,76.1,WR,South Carolina,alshon-jeffery-1
402,Van Jefferson,175,RAM,2,57,2020,Florida,2016,2019,48,175,2159,12.3,16,45.0,WR,FloridaOle Miss,van-jefferson-1
403,Justin Jefferson,165,MIN,1,22,2020,LSU,2017,2019,34,165,2415,14.6,24,71.0,WR,LSU,justin-jefferson-1
404,Dwayne Jarrett,216,CAR,2,45,2007,USC,2004,2006,38,216,3138,14.5,41,82.6,WR,USC,dwayne-jarrett-1
405,Richie James,244,SFO,7,240,2018,Middle Tennessee State,2015,2017,31,244,3261,13.4,23,105.2,WR,Middle Tennessee State,richie-james-1
406,Cedric James,40,MIN,4,131,2001,Texas Christian,1997,2000,42,40,580,14.5,4,13.8,WR,Texas Christian,cedric-james-1
407,Taylor Jacobs,133,WAS,2,44,2003,Florida,1999,2002,44,133,2097,15.8,16,47.7,WR,Florida,taylor-jacobs-1
408,Jha'Quan Jackson,109,OTI,6,182,2024,Tulane,2019,2023,56,109,1743,16.0,17,31.1,WR,Tulane,jhaquan-jackson-1
409,Desean Jackson,162,PHI,2,49,2008,California,2005,2007,36,162,2423,15.0,22,67.3,WR,California,desean-jackson-1
410,Darrell Jackson,97,SEA,3,80,2000,Florida,1997,1999,32,97,1501,15.5,14,46.9,WR,Florida,darrell-jackson-1
411,Chad Jackson,120,NWE,2,36,2006,Florida,2003,2005,37,120,1586,13.2,16,42.9,WR,Florida,chad-jackson-1
412,Andy Isabella,229,CRD,2,62,2019,Massachusetts,2016,2018,36,229,3519,15.4,30,97.8,WR,Massachusetts,andy-isabella-1
413,Juaquin Iglesias,202,CHI,3,99,2009,Oklahoma,2005,2008,54,202,2861,14.2,19,53.0,WR,Oklahoma,juaquin-iglesias-1
414,Jalin Hyatt,108,NYG,3,73,2023,Tennessee,2020,2022,35,108,1769,16.4,19,50.5,WR,Tennessee,jalin-hyatt-1
415,Xavier Hutchinson,254,HTX,6,205,2023,Iowa State,2020,2022,37,254,2929,11.5,15,79.2,WR,Iowa State,xavier-hutchinson-1
416,Jalen Hurd,69,SFO,3,67,2019,Baylor,2018,2018,12,69,946,13.7,4,78.8,WR,Baylor,jalen-hurd-1
417,Justin Hunter,106,OTI,2,34,2013,Tennessee,2010,2012,28,106,1812,17.1,18,64.7,WR,Tennessee,justin-hunter-1
418,Javin Hunter,63,RAV,6,206,2002,Notre Dame,1998,2001,45,63,867,13.8,4,19.3,WR,Notre Dame,javin-hunter-1
419,Josh Huff,144,PHI,3,86,2014,Oregon,2010,2013,49,144,2366,16.4,24,48.3,WR,Oregon,josh-huff-1
420,Paul Hubbard,53,CLE,6,191,2008,Wisconsin,2005,2007,26,53,936,17.7,5,36.0,WR,Wisconsin,paul-hubbard-1
421,Keenan Howry,162,MIN,7,221,2003,Oregon,1999,2002,46,162,2552,15.8,22,55.5,WR,Oregon,keenan-howry-1
422,T.J. Houshmandzadeh,64,CIN,7,204,2001,Oregon State,1999,2000,21,64,981,15.3,8,46.7,WR,Oregon State,tj-houshmandzadeh-1
423,Deandre Hopkins,206,HTX,1,27,2013,Clemson,2010,2012,39,206,3020,14.7,27,77.4,WR,Clemson,deandre-hopkins-1
424,Santonio Holmes,140,PIT,1,25,2006,Ohio State,2003,2005,36,140,2295,16.4,25,63.8,WR,Ohio State,santonio-holmes-1
425,Mack Hollins,81,PHI,4,118,2017,North Carolina,2013,2016,42,81,1667,20.6,20,39.7,WR,North Carolina,mack-hollins-1
426,Johnathan Holland,85,RAI,7,254,2007,Louisiana Tech,2003,2006,46,85,1426,16.8,6,31.0,WR,Louisiana Tech,johnathan-holland-1
427,Isaiah Hodgins,176,BUF,6,207,2020,Oregon State,2017,2019,34,176,2322,13.2,20,68.3,WR,Oregon State,isaiah-hodgins-1
428,Domenik Hixon,141,DEN,4,130,2006,Akron,2004,2005,24,141,2092,14.8,14,87.2,WR,Akron,domenik-hixon-1
429,T.Y. Hilton,229,CLT,3,92,2012,Florida International,2008,2011,50,229,3531,15.4,24,70.6,WR,Florida International,ty-hilton-1
430,Stephen Hill,49,NYJ,2,43,2012,Georgia Tech,2009,2011,38,49,1248,25.5,9,32.8,WR,Georgia Tech,stephen-hill-1
431,Kahlil Hill,146,ATL,6,184,2002,Iowa,1998,2001,34,146,1843,12.6,15,54.2,WR,Iowa,kahlil-hill-1
432,K.J. Hill,201,SDG,7,220,2020,Ohio State,2016,2019,53,201,2332,11.6,20,44.0,WR,Ohio State,kj-hill-1
433,Jason Hill,148,SFO,3,76,2007,Washington State,2003,2006,43,148,2704,18.3,32,62.9,WR,Washington State,jason-hill-1
434,Darrell Hill,88,OTI,7,225,2002,Northern Illinois,1998,2001,35,88,1595,18.1,13,45.6,WR,Northern Illinois,darrell-hill-1
435,John Hightower,82,PHI,5,168,2020,Boise State,2018,2019,24,82,1447,17.6,14,60.3,WR,Boise State,john-hightower-1
436,Tee Higgins,135,CIN,2,33,2020,Clemson,2017,2019,43,135,2448,18.1,27,56.9,WR,Clemson,tee-higgins-1
437,Rashard Higgins,239,CLE,5,172,2016,Colorado State,2013,2015,38,239,3649,15.3,31,96.0,WR,Colorado State,rashard-higgins-1
438,Johnnie Lee Higgins Jr.,190,RAI,3,99,2007,UTEP,2003,2006,49,190,3218,16.9,32,65.7,WR,UTEP,johnnie-lee-higgins-jr-1
439,Elijah Higgins,119,MIA,6,197,2023,Stanford,2019,2022,39,119,1380,11.6,6,35.4,WR,Stanford,elijah-higgins-1
440,Darrius Heyward-Bey,138,RAI,1,7,2009,Maryland,2006,2008,38,138,2089,15.1,13,55.0,WR,Maryland,darrius-heyward-bey-1
441,Robert Herron,152,TAM,6,185,2014,Wyoming,2010,2013,42,152,2025,13.3,20,48.2,WR,Wyoming,robert-herron-1
442,Marcus Henry,104,NYJ,6,171,2008,Kansas,2004,2007,45,104,1598,15.4,13,35.5,WR,Kansas,marcus-henry-1
443,Chris Henry,93,CIN,3,83,2005,West Virginia,2003,2004,23,93,1878,20.2,22,81.7,WR,West Virginia,chris-henry-3
444,Devery Henderson,76,NOR,2,50,2004,LSU,2002,2003,25,76,1308,17.2,19,52.3,WR,LSU,devery-henderson-1
445,Carlos Henderson,147,DEN,3,82,2017,Louisiana Tech,2014,2016,36,147,2878,19.6,28,79.9,WR,Louisiana Tech,carlos-henderson-1
446,Junior Hemingway,88,KAN,7,238,2012,Michigan,2007,2011,47,88,1638,18.6,11,34.9,WR,Michigan,junior-hemingway-1
447,Herb Haygood,110,DEN,5,144,2002,Michigan State,1998,2001,44,110,1591,14.5,7,36.2,WR,Michigan State,herb-haygood-1
448,Windrell Hayes,176,NYJ,5,143,2000,USC,1995,1999,45,176,2443,13.9,15,54.3,WR,San Jose StateUSC,windrell-hayes-1
449,Kelvin Hayden,52,CLT,2,60,2005,Illinois,2003,2003,10,52,592,11.4,3,59.2,WR,Illinois,kelvin-hayden-1
450,Lavelle Hawkins,136,OTI,4,126,2008,California,2005,2007,35,136,1748,12.9,12,49.9,WR,California,lavelle-hawkins-1
451,Mike Hass,220,NOR,6,171,2006,Oregon State,2003,2005,36,220,3924,17.8,20,109.0,WR,Oregon State,mike-hass-1
452,Percy Harvin,133,MIN,1,22,2009,Florida,2006,2008,36,133,1929,14.5,13,53.6,WR,Florida,percy-harvin-1
453,Shaunard Harts,31,KAN,7,212,2001,Boise State,1997,1998,22,31,449,14.5,3,20.4,WR,Boise State,shaunard-harts-2
454,Brian Hartline,90,MIA,4,108,2009,Ohio State,2006,2008,38,90,1429,15.9,12,37.6,WR,Ohio State,brian-hartline-1
455,N'Keal Harry,213,NWE,1,32,2019,Arizona State,2016,2018,37,213,2889,13.6,22,78.1,WR,Arizona State,nkeal-harry-1
456,Marvin Harrison Jr.,155,CRD,1,4,2024,Ohio State,2021,2023,38,155,2613,16.9,31,68.8,WR,Ohio State,marvin-harrison-jr-1
457,Jacob Harris,49,RAM,4,141,2021,UCF,2018,2020,36,49,987,20.1,9,27.4,WR,UCF,jacob-harris-2
458,Dwayne Harris,268,DAL,6,176,2011,East Carolina,2007,2010,50,268,3001,11.2,20,60.0,WR,East Carolina,dwayne-harris-1
459,Justin Harper,83,RAV,7,215,2008,Virginia Tech,2004,2007,50,83,1338,16.1,8,26.8,WR,Virginia Tech,justin-harper-2
460,Chris Harper,123,SEA,4,123,2013,Kansas State,2010,2012,39,123,1734,14.1,12,44.5,WR,Kansas State,chris-harper-2
461,Kelvin Harmon,177,WAS,6,206,2019,North Carolina State,2016,2018,38,177,2665,15.1,16,70.1,WR,North Carolina State,kelvin-harmon-1
462,Justin Hardy,387,ATL,4,107,2015,East Carolina,2011,2014,49,387,4541,11.7,35,92.7,WR,East Carolina,justin-hardy-1
463,James Hardy,191,BUF,2,41,2008,Indiana,2005,2007,33,191,2740,14.3,36,83.0,WR,Indiana,james-hardy-1
464,Daniel Hardy,48,TAM,7,238,2011,Idaho,2008,2009,19,48,819,17.1,5,43.1,WR,Idaho,daniel-hardy-1
465,Mecole Hardman,59,KAN,2,56,2019,Georgia,2017,2018,29,59,950,16.1,11,32.8,WR,Georgia,mecole-hardman-1
466,Chad Hansen,111,NYJ,4,141,2017,California,2015,2016,20,111,1498,13.5,12,74.9,WR,California,chad-hansen-1
467,Leonard Hankerson,134,WAS,3,79,2011,Miami (FL),2007,2010,42,134,2160,16.1,22,51.4,WR,Miami (FL),leonard-hankerson-1
468,KJ Hamler,98,DEN,2,46,2020,Penn State,2018,2019,26,98,1658,16.9,13,63.8,WR,Penn State,kj-hamler-1
469,Justin Hamilton,28,CLE,7,222,2006,Virginia Tech,2002,2003,26,28,338,12.1,1,13.0,WR,Virginia Tech,justin-hamilton-1
470,Derrick Hamilton,163,SFO,3,77,2004,Clemson,2001,2003,37,163,2218,13.6,15,59.9,WR,Clemson,derrick-hamilton-1
471,DaeSean Hamilton,214,DEN,4,113,2018,Penn State,2014,2017,53,214,2842,13.3,18,53.6,WR,Penn State,daesean-hamilton-1
472,Cobi Hamilton,175,CIN,6,197,2013,Arkansas,2009,2012,51,175,2854,16.3,18,56.0,WR,Arkansas,cobi-hamilton-1
473,Roy Hall,52,CLT,5,169,2007,Ohio State,2003,2006,45,52,580,11.2,3,12.9,WR,Ohio State,roy-hall-1
474,Derek Hagan,258,MIA,3,82,2006,Arizona State,2002,2005,50,258,3939,15.3,27,78.8,WR,Arizona State,derek-hagan-1
475,Drew Haddad,85,BUF,7,233,2000,Buffalo,1999,1999,11,85,1158,13.6,6,105.3,WR,Buffalo,drew-haddad-1
476,D.J. Hackett,96,SEA,5,157,2004,Colorado,2002,2003,25,96,1224,12.8,11,49.0,WR,Colorado,dj-hackett-1
477,Rashad Greene,270,JAX,5,139,2015,Florida State,2011,2014,51,270,3830,14.2,29,75.1,WR,Florida State,rashad-greene-1
478,Dorial Green-Beckham,87,OTI,2,40,2015,Oklahoma,2012,2013,25,87,1278,14.7,17,51.1,WR,Missouri,dorial-green-beckham-1
479,Skyler Green,111,DAL,4,125,2006,LSU,2002,2005,44,111,1129,10.2,9,25.7,WR,LSU,skyler-green-1
480,Marcus Green,203,ATL,6,203,2019,Louisiana-Monroe,2015,2018,48,203,2726,13.4,24,56.8,WR,Louisiana-Monroe,marcus-green-6
481,Antoine Green,90,DET,7,219,2023,North Carolina,2018,2022,47,90,1710,19.0,15,36.4,WR,North Carolina,antoine-green-1
482,A.J. Green,166,CIN,1,4,2011,Georgia,2008,2010,32,166,2619,15.8,23,81.8,WR,Georgia,aj-green-1
483,Danny Gray,82,SFO,3,105,2022,SMU,2020,2021,18,82,1251,15.3,13,69.5,WR,SMU,danny-gray-1
484,Ryan Grant,196,WAS,5,142,2014,Tulane,2009,2013,47,196,2769,14.1,21,58.9,WR,Tulane,ryan-grant-2
485,Jakeem Grant,254,MIA,6,186,2016,Texas Tech,2012,2015,49,254,3286,12.9,27,67.1,WR,Texas Tech,jakeem-grant-1
486,Kylen Granson,51,CLT,4,127,2021,SMU,2016,2017,16,51,622,12.2,2,38.9,WR,Rice,kylen-granson-1
487,T.J. Graham,99,BUF,3,69,2012,North Carolina State,2008,2011,46,99,1453,14.7,12,31.6,WR,North Carolina State,tj-graham-1
488,Anthony Gould,84,CLT,5,142,2024,Oregon State,2020,2024,38,84,1360,16.2,6,35.8,WR,Oregon State,anthony-gould-1
489,Marquise Goodwin,120,BUF,3,78,2013,Texas,2009,2012,50,120,1364,11.4,7,27.3,WR,Texas,marquise-goodwin-1
490,Anthony Gonzalez,87,CLT,1,32,2007,Ohio State,2004,2006,33,87,1286,14.8,13,39.0,WR,Ohio State,anthony-gonzalez-1
491,Kenny Golladay,160,DET,3,96,2017,Northern Illinois,2015,2016,26,160,2285,14.3,18,87.9,WR,Northern Illinois,kenny-golladay-1
492,Terry Godwin,133,CAR,7,237,2019,Georgia,2015,2018,54,133,1788,13.4,11,33.1,WR,Georgia,terry-godwin-1
493,Chris Godwin,154,TAM,3,84,2017,Penn State,2014,2016,40,154,2421,15.7,18,60.5,WR,Penn State,chris-godwin-1
494,David Givens,72,NWE,7,253,2002,Notre Dame,1998,2001,44,72,814,11.3,3,18.5,WR,Notre Dame,david-givens-1
495,Chris Givens,163,RAM,4,96,2012,Wake Forest,2009,2011,36,163,2473,15.2,21,68.7,WR,Wake Forest,chris-givens-2
496,Ted Ginn Jr.,135,MIA,1,9,2007,Ohio State,2004,2006,37,135,1943,14.4,15,52.5,WR,Ohio State,ted-ginn-jr-1
497,Mardy Gilyard,204,RAM,4,99,2010,Cincinnati,2007,2009,40,204,3003,14.7,25,75.1,WR,Cincinnati,mardy-gilyard-1
498,Shelton Gibson,84,PHI,5,166,2017,West Virginia,2014,2016,38,84,1898,22.6,17,49.9,WR,West Virginia,shelton-gibson-1
499,Brandon Gibson,182,PHI,6,194,2009,Washington State,2005,2008,45,182,2756,15.1,17,61.2,WR,Washington State,brandon-gibson-1
500,Antonio Gibson,44,WAS,3,66,2020,Memphis,2018,2019,28,44,834,19.0,10,29.8,WR,Memphis,antonio-gibson-2
501,David Gettis,116,CAR,6,198,2010,Baylor,2006,2009,47,116,1555,13.4,4,33.1,WR,Baylor,david-gettis-1
502,Reggie Germany,78,BUF,7,214,2001,Ohio State,1997,2000,40,78,1234,15.8,5,30.9,WR,Ohio State,reggie-germany-1
503,Trevor Gaylor,128,SDG,4,111,2000,Miami (OH),1996,1999,38,128,2131,16.6,20,56.1,WR,Miami (OH),trevor-gaylor-1
504,Talman Gardner,90,NOR,7,231,2003,Florida State,1999,2002,47,90,1595,17.7,19,33.9,WR,Florida State,talman-gardner-1
505,Rod Gardner,151,WAS,1,15,2001,Clemson,1997,2000,44,151,2302,15.2,12,52.3,WR,Clemson,rod-gardner-1
506,Antonio Gandy-Golden,150,WAS,4,142,2020,Liberty,2018,2019,24,150,2433,16.2,20,101.4,WR,Liberty,antonio-gandy-golden-1
507,Chris Gamble,38,CAR,1,28,2004,Ohio State,2001,2003,38,38,577,15.2,0,15.2,WR,Ohio State,chris-gamble-1
508,Michael Gallup,176,DAL,3,81,2018,Colorado State,2016,2017,26,176,2685,15.3,21,103.3,WR,Colorado State,michael-gallup-1
509,Jeremy Gallon,173,NWE,7,244,2014,Michigan,2010,2013,51,173,2704,15.6,17,53.0,WR,Michigan,jeremy-gallon-1
510,Russell Gage,26,ATL,6,194,2018,LSU,2016,2017,24,26,347,13.3,4,14.5,WR,LSU,russell-gage-1
511,Justin Gage,200,CHI,5,143,2003,Missouri,2000,2002,34,200,2704,13.5,18,79.5,WR,Missouri,justin-gage-1
512,Jabar Gaffney,138,HTX,2,33,2002,Florida,2000,2001,23,138,2375,17.2,27,103.3,WR,Florida,jabar-gaffney-1
513,Doug Gabriel,97,RAI,5,167,2003,UCF,2001,2002,22,97,1869,19.3,20,85.0,WR,UCF,doug-gabriel-1
514,Devin Funchess,62,CAR,2,41,2015,Michigan,2014,2014,11,62,733,11.8,4,66.6,WR,Michigan,devin-funchess-1
515,William Fuller,144,HTX,1,21,2016,Notre Dame,2013,2015,32,144,2512,17.4,30,78.5,WR,Notre Dame,william-fuller-2
516,Devin Fuller,126,ATL,7,238,2016,UCLA,2013,2015,36,126,1177,9.3,8,32.7,WR,UCLA,devin-fuller-1
517,Corey Fuller,45,DET,6,171,2013,Virginia Tech,2011,2012,20,45,834,18.5,6,41.7,WR,Virginia Tech,corey-fuller-2
518,Travis Fulgham,128,DET,6,184,2019,Old Dominion,2015,2018,47,128,2044,16.0,18,43.5,WR,Old Dominion,travis-fulgham-1
519,William Franklin,143,KAN,4,105,2008,Missouri,2004,2007,44,143,2125,14.9,13,48.3,WR,Missouri,william-franklin-1
520,Troy Franklin,160,DEN,4,102,2024,Oregon,2021,2024,40,160,2483,15.5,25,62.1,WR,Oregon,troy-franklin-2
521,Carlos Francis,216,RAI,4,99,2004,Texas Tech,2000,2003,49,216,3031,14.0,21,61.9,WR,Texas Tech,carlos-francis-1
522,Jacoby Ford,143,RAI,4,108,2010,Clemson,2006,2009,48,143,1986,13.9,16,41.4,WR,Clemson,jacoby-ford-1
523,Isaiah Ford,210,MIA,7,237,2017,Virginia Tech,2014,2016,40,210,2967,14.1,24,74.2,WR,Virginia Tech,isaiah-ford-1
524,Carl Ford,149,GNB,7,256,2003,Toledo,1999,2002,46,149,1966,13.2,17,42.7,WR,Toledo,carl-ford-1
525,Michael Floyd,271,CRD,1,13,2012,Notre Dame,2008,2011,43,271,3686,13.6,37,85.7,WR,Notre Dame,michael-floyd-1
526,Zay Flowers,200,RAV,1,22,2023,Boston College,2019,2022,48,200,3056,15.3,29,63.7,WR,Boston College,zay-flowers-1
527,Dez Fitzpatrick,154,OTI,4,109,2021,Louisville,2017,2020,49,154,2589,16.8,21,52.8,WR,Louisville,dez-fitzpatrick-1
528,Larry Fitzgerald,161,CRD,1,3,2004,Pitt,2002,2003,26,161,2677,16.6,34,103.0,WR,Pitt,larry-fitzgerald-1
529,Yamon Figurs,73,RAV,3,74,2007,Kansas State,2004,2006,34,73,1144,15.7,6,33.6,WR,Kansas State,yamon-figurs-1
530,Robert Ferguson,58,GNB,2,41,2001,Texas A&M,2000,2000,10,58,885,15.3,6,88.5,WR,Texas A&M,robert-ferguson-1
531,Demetric Felton,77,CLE,6,211,2021,UCLA,2017,2019,35,77,799,10.4,5,22.8,WR,UCLA,demetric-felton-1
532,Simi Fehoko,62,DAL,5,179,2021,Stanford,2018,2020,21,62,1146,18.5,9,54.6,WR,Stanford,simi-fehoko-1
533,Danny Farmer,148,PIT,4,103,2000,UCLA,1996,1999,42,148,2838,19.2,18,67.6,WR,UCLA,danny-farmer-1
534,Erik Ezukanma,138,MIA,4,125,2022,Texas Tech,2018,2021,35,138,2165,15.7,15,61.9,WR,Texas Tech,erik-ezukanma-1
535,Shaquelle Evans,133,NYJ,4,115,2014,UCLA,2009,2013,46,133,1956,14.7,14,42.5,WR,Notre DameUCLA,shaquelle-evans-1
536,Mike Evans,151,TAM,1,7,2014,Texas A&M,2012,2013,26,151,2499,16.5,17,96.1,WR,Texas A&M,mike-evans-4
537,Lee Evans,172,BUF,1,13,2004,Wisconsin,1999,2003,42,172,3382,19.7,26,80.5,WR,Wisconsin,lee-evans-1
538,D'Wayne Eskridge,122,SEA,2,56,2021,Western Michigan,2016,2020,45,122,2260,18.5,15,50.2,WR,Western Michigan,dwayne-eskridge-1
539,Quincy Enunwa,115,NYJ,6,209,2014,Nebraska,2010,2013,49,115,1526,13.3,15,31.1,WR,Nebraska,quincy-enunwa-1
540,Bruce Ellington,106,SFO,4,106,2014,South Carolina,2011,2013,38,106,1586,15.0,16,41.7,WR,South Carolina,bruce-ellington-1
541,Bryan Edwards,234,RAI,3,81,2020,South Carolina,2016,2019,48,234,3045,13.0,22,63.4,WR,South Carolina,bryan-edwards-1
542,Braylon Edwards,252,CLE,1,3,2005,Michigan,2001,2004,44,252,3541,14.1,39,80.5,WR,Michigan,braylon-edwards-1
543,Jeremy Ebert,173,NWE,7,235,2012,Northwestern,2008,2011,52,173,2400,13.9,21,46.2,WR,Northwestern,jeremy-ebert-1
544,Marcus Easley,53,BUF,4,107,2010,Connecticut,2007,2009,34,53,997,18.8,8,29.3,WR,Connecticut,marcus-easley-1
545,Devin Duvernay,176,RAV,3,92,2020,Texas,2016,2019,51,176,2468,14.0,16,48.4,WR,Texas,devin-duvernay-1
546,Kris Durham,64,SEA,4,107,2011,Georgia,2006,2010,47,64,1109,17.3,4,23.6,WR,Georgia,kris-durham-1
547,Malachi Dupre,98,GNB,7,247,2017,LSU,2014,2016,36,98,1609,16.4,14,44.7,WR,LSU,malachi-dupre-1
548,Latarence Dunbar,89,ATL,6,196,2003,Texas Christian,2000,2002,33,89,1229,13.8,11,37.2,WR,Texas Christian,latarence-dunbar-1
549,Ron Dugans,105,CIN,3,66,2000,Florida State,1995,1999,46,105,1520,14.5,7,33.0,WR,Florida State,ron-dugans-1
550,Grant Dubose,126,GNB,7,256,2023,Charlotte,2021,2022,24,126,1684,13.4,15,70.2,WR,Charlotte,grant-dubose-1
551,Thomas Duarte,97,MIA,7,231,2016,UCLA,2013,2015,35,97,1626,16.8,17,46.5,WR,UCLA,thomas-duarte-1
552,Josh Downs,202,CLT,3,79,2023,North Carolina,2020,2022,34,202,2483,12.3,22,73.0,WR,North Carolina,josh-downs-2
553,Harry Douglas,173,ATL,3,84,2008,Louisville,2004,2007,46,173,2924,16.9,15,63.6,WR,Louisville,harry-douglas-1
554,Demario Douglas,172,NWE,6,210,2023,Liberty,2019,2022,40,172,2193,12.8,16,54.8,WR,Liberty,demario-douglas-1
555,Early Doucet,160,CRD,3,81,2008,LSU,2004,2007,45,160,1943,12.1,20,43.2,WR,LSU,early-doucet-1
556,Romeo Doubs,225,GNB,4,132,2022,Nevada,2018,2021,44,225,3322,14.8,26,75.5,WR,Nevada,romeo-doubs-1
557,Jahan Dotson,183,WAS,1,16,2022,Penn State,2018,2021,42,183,2757,15.1,25,65.6,WR,Penn State,jahan-dotson-1
558,Tandon Doss,154,RAV,4,123,2011,Indiana,2008,2010,31,154,1854,12.0,13,59.8,WR,Indiana,tandon-doss-1
559,Kevin Dorsey,81,GNB,7,224,2013,Maryland,2009,2012,47,81,1088,13.4,9,23.1,WR,Maryland,kevin-dorsey-1
560,Phillip Dorsett,121,CLT,1,29,2015,Miami (FL),2011,2014,44,121,2132,17.6,17,48.5,WR,Miami (FL),phillip-dorsett-1
561,Josh Doctson,215,WAS,1,22,2016,Texas Christian,2011,2015,46,215,3178,14.8,34,69.1,WR,Texas ChristianWyoming,josh-doctson-1
562,Aaron Dobson,165,NWE,2,59,2013,Marshall,2009,2012,47,165,2398,14.5,24,51.0,WR,Marshall,aaron-dobson-1
563,Jarett Dillard,292,JAX,5,144,2009,Rice,2005,2008,49,292,4138,14.2,60,84.4,WR,Rice,jarett-dillard-1
564,Stefon Diggs,150,MIN,5,146,2015,Maryland,2012,2014,28,150,2227,14.8,14,79.5,WR,Maryland,stefon-diggs-1
565,Nathaniel Dell,228,HTX,3,69,2023,Houston,2020,2022,35,228,3155,13.8,32,90.1,WR,Houston,nathaniel-dell-1
566,Eric Decker,227,DEN,3,87,2010,Minnesota,2006,2009,45,227,3119,13.7,24,69.3,WR,Minnesota,eric-decker-1
567,Andre Debose,30,RAI,7,221,2015,Florida,2010,2014,42,30,540,18.0,4,12.9,WR,Florida,andre-debose-1
568,JaJuan Dawson,234,CLE,3,79,2000,Tulane,1996,1999,40,234,3048,13.0,31,76.2,WR,Tulane,jajuan-dawson-1
569,Trevor Davis,109,GNB,5,163,2016,California,2011,2015,38,109,1672,15.3,12,44.0,WR,CaliforniaHawaii,trevor-davis-1
570,Robert Davis,222,WAS,6,209,2017,Georgia State,2013,2016,49,222,3391,15.3,17,69.2,WR,Georgia State,robert-davis-10
571,Geremy Davis,165,NYG,6,186,2015,Connecticut,2011,2014,47,165,2292,13.9,7,48.8,WR,Connecticut,geremy-davis-1
572,Gabriel Davis,152,BUF,4,128,2020,UCF,2017,2019,37,152,2447,16.1,23,66.1,WR,UCF,gabriel-davis-1
573,Derius Davis,112,SDG,4,125,2023,Texas Christian,2018,2022,58,112,1513,13.5,9,26.1,WR,Texas Christian,derius-davis-1
574,Craig Davis,141,SDG,1,30,2007,LSU,2003,2006,42,141,2117,15.0,7,50.4,WR,LSU,craig-davis-1
575,Corey Davis,332,OTI,1,5,2017,Western Michigan,2013,2016,50,332,5285,15.9,52,105.7,WR,Western Michigan,corey-davis-3
576,Chris Davis,137,OTI,4,128,2007,Florida State,2003,2006,51,137,1842,13.4,12,36.1,WR,Florida State,chris-davis-2
577,Andre Davis,103,CLE,2,47,2002,Virginia Tech,1998,2001,39,103,1986,19.3,18,50.9,WR,Virginia Tech,andre-davis-1
578,Devard Darling,106,RAV,3,82,2004,Washington State,2000,2003,30,106,1666,15.7,19,55.5,WR,Florida StateWashington State,devard-darling-1
579,Jaelon Darden,230,TAM,4,129,2021,North Texas,2017,2020,48,230,2782,12.1,38,58.0,WR,North Texas,jaelon-darden-1
580,Frank Darby,67,ATL,6,187,2021,Arizona State,2017,2020,40,67,1317,19.7,13,32.9,WR,Arizona State,frank-darby-1
581,Amara Darboh,151,SEA,3,106,2017,Michigan,2012,2016,48,151,2062,13.7,14,43.0,WR,Michigan,amara-darboh-1
582,Owen Daniels,62,HTX,4,98,2006,Wisconsin,2003,2005,37,62,852,13.7,8,23.0,WR,Wisconsin,owen-daniels-1
583,Kevin Curtis,174,RAM,3,74,2003,Utah State,2001,2002,22,174,2789,16.0,19,126.8,WR,Utah State,kevin-curtis-2
584,Airese Currie,137,CHI,5,140,2005,Clemson,2001,2004,45,137,2025,14.8,10,45.0,WR,Clemson,airese-currie-1
585,B.J. Cunningham,218,MIA,6,183,2012,Michigan State,2008,2011,51,218,3086,14.2,25,60.5,WR,Michigan State,bj-cunningham-1
586,Jamison Crowder,283,WAS,4,105,2015,Duke,2011,2014,52,283,3641,12.9,23,70.0,WR,Duke,jamison-crowder-1
587,Juron Criner,209,RAI,5,168,2012,Arizona,2008,2011,50,209,2859,13.7,32,57.2,WR,Arizona,juron-criner-1
588,Michael Crabtree,231,SFO,1,10,2009,Texas Tech,2007,2008,26,231,3127,13.5,41,120.3,WR,Texas Tech,michael-crabtree-1
589,Jacob Cowing,316,SFO,4,135,2024,Arizona,2019,2023,58,316,4477,14.2,33,77.2,WR,ArizonaUTEP,jacob-cowing-1
590,Keke Coutee,159,HTX,4,103,2018,Texas Tech,2015,2017,38,159,2424,15.2,17,63.8,WR,Texas Tech,keke-coutee-1
591,Jerricho Cotchery,200,NYJ,4,108,2004,North Carolina State,2000,2003,48,200,3119,15.6,21,65.0,WR,North Carolina State,jerricho-cotchery-1
592,Malachi Corley,259,NYJ,3,65,2024,Western Kentucky,2020,2023,49,259,3035,11.7,29,61.9,WR,Western Kentucky,malachi-corley-1
593,Cody Core,83,CIN,6,199,2016,Ole Miss,2012,2015,45,83,1297,15.6,10,28.8,WR,Ole Miss,cody-core-1
594,Riley Cooper,81,PHI,5,159,2010,Florida,2006,2009,51,81,1496,18.5,18,29.3,WR,Florida,riley-cooper-1
595,Pharoh Cooper,135,RAM,4,117,2016,South Carolina,2014,2015,25,135,2109,15.6,17,84.4,WR,South Carolina,pharoh-cooper-1
596,Amari Cooper,228,RAI,1,4,2015,Alabama,2012,2014,39,228,3463,15.2,31,88.8,WR,Alabama,amari-cooper-1
597,Brandin Cooks,226,NOR,1,20,2014,Oregon State,2011,2013,38,226,3272,14.5,24,86.1,WR,Oregon State,brandin-cooks-1
598,Chris Conley,117,KAN,3,76,2015,Georgia,2011,2014,49,117,1938,16.6,20,39.6,WR,Georgia,chris-conley-1
599,Nico Collins,78,HTX,3,89,2021,Michigan,2017,2019,29,78,1388,17.8,13,47.9,WR,Michigan,nico-collins-1
600,Austin Collie,215,CLT,4,127,2009,BYU,2004,2008,37,215,3255,15.1,30,88.0,WR,BYU,austin-collie-1
601,Stacy Coley,167,MIN,7,219,2017,Miami (FL),2013,2016,48,167,2222,13.3,20,46.3,WR,Miami (FL),stacy-coley-1
602,Laveranues Coles,52,NYJ,3,78,2000,Florida State,1997,1999,26,52,960,18.5,5,36.9,WR,Florida State,laveranues-coles-1
603,Keon Coleman,115,BUF,2,33,2024,Florida State,2021,2023,34,115,1506,13.1,19,44.3,WR,Florida StateMichigan State,keon-coleman-1
604,Corey Coleman,173,CLE,1,15,2016,Baylor,2013,2015,34,173,3009,17.4,33,88.5,WR,Baylor,corey-coleman-1
605,Chris Cole,85,DEN,3,70,2000,Texas A&M,1997,1999,36,85,1363,16.0,8,37.9,WR,Texas A&M,chris-cole-2
606,Keary Colbert,205,CAR,2,62,2004,USC,2000,2003,49,205,2926,14.3,19,59.7,WR,USC,keary-colbert-1
607,Randall Cobb,84,GNB,2,64,2011,Kentucky,2010,2010,13,84,1017,12.1,7,78.2,WR,Kentucky,randall-cobb-1
608,Sammie Coates,82,PIT,3,87,2015,Auburn,2012,2014,37,82,1757,21.4,13,47.5,WR,Auburn,sammie-coates-1
609,Danny Coale,165,DAL,5,152,2012,Virginia Tech,2008,2011,55,165,2658,16.1,8,48.3,WR,Virginia Tech,danny-coale-1
610,David Clowney,93,GNB,5,157,2007,Virginia Tech,2003,2006,49,93,1373,14.8,6,28.0,WR,Virginia Tech,david-clowney-1
611,Tyrie Cleveland,79,DEN,7,252,2020,Florida,2016,2019,46,79,1271,16.1,8,27.6,WR,Florida,tyrie-cleveland-1
612,Toney Clemons,98,PIT,7,231,2012,Colorado,2007,2011,43,98,1268,12.9,11,29.5,WR,ColoradoMichigan,toney-clemons-1
613,Michael Clayton,182,TAM,1,15,2004,LSU,2001,2003,39,182,2582,14.2,21,66.2,WR,LSU,michael-clayton-1
614,Mark Clayton,220,RAV,1,22,2005,Oklahoma,2001,2004,51,220,3236,14.7,31,63.5,WR,Oklahoma,mark-clayton-1
615,Chase Claypool,150,PIT,2,49,2020,Notre Dame,2016,2019,49,150,2159,14.4,19,44.1,WR,Notre Dame,chase-claypool-1
616,Kaelin Clay,43,TAM,6,184,2015,Utah,2014,2014,13,43,523,12.2,4,40.2,WR,Utah,kaelin-clay-1
617,Greg Childs,133,MIN,4,134,2012,Arkansas,2008,2011,44,133,2066,15.5,15,47.0,WR,Arkansas,greg-childs-1
618,Jehu Chesson,114,KAN,4,139,2017,Michigan,2013,2016,48,114,1639,14.4,12,34.1,WR,Michigan,jehu-chesson-1
619,Ja'Marr Chase,107,CIN,1,5,2021,LSU,2018,2019,27,107,2093,19.6,23,77.5,WR,LSU,jamarr-chase-1
620,D.J. Chark,66,JAX,2,61,2018,LSU,2015,2017,30,66,1351,20.5,6,45.0,WR,LSU,dj-chark-1
621,Chris Chambers,111,MIA,2,52,2001,Wisconsin,1997,2000,37,111,1817,16.4,15,49.1,WR,Wisconsin,chris-chambers-1
622,Quintez Cephus,93,DET,5,166,2020,Wisconsin,2016,2019,38,93,1496,16.1,13,39.4,WR,Wisconsin,quintez-cephus-1
623,Tim Carter,57,NYG,2,46,2002,Auburn,1999,2001,29,57,842,14.8,4,29.0,WR,Auburn,tim-carter-1
624,Drew Carter,41,CAR,5,163,2004,Ohio State,2000,2003,31,41,632,15.4,1,20.4,WR,Ohio State,drew-carter-1
625,Leonte Carroo,122,MIA,3,86,2016,Rutgers,2012,2015,41,122,2373,19.5,29,57.9,WR,Rutgers,leonte-carroo-1
626,Dylan Cantrell,158,SDG,6,191,2018,Texas Tech,2013,2017,41,158,1873,11.9,18,45.7,WR,Texas Tech,dylan-cantrell-1
627,Parris Campbell,143,CLT,2,59,2019,Ohio State,2015,2018,48,143,1768,12.4,15,36.8,WR,Ohio State,parris-campbell-1
628,Michael Campanaro,229,RAV,7,218,2014,Wake Forest,2010,2013,42,229,2506,10.9,14,59.7,WR,Wake Forest,michael-campanaro-1
629,Jalen Camp,48,JAX,6,209,2021,Georgia Tech,2017,2020,39,48,808,16.8,5,20.7,WR,Georgia Tech,jalen-camp-1
630,Antonio Callaway,89,CLE,4,105,2018,Florida,2015,2016,26,89,1399,15.7,7,53.8,WR,Florida,antonio-callaway-1
631,Tyrone Calico,194,OTI,2,60,2003,Middle Tennessee State,1999,2002,45,194,2636,13.6,17,58.6,WR,Middle Tennessee State,tyrone-calico-1
632,Reche Caldwell,141,SDG,2,48,2002,Florida,1999,2001,35,141,2088,14.8,18,59.7,WR,Florida,reche-caldwell-1
633,Andre Caldwell,185,CIN,3,97,2008,Florida,2003,2007,53,185,2349,12.7,16,44.3,WR,Florida,andre-caldwell-1
634,Deon Cain,130,CLT,6,185,2018,Clemson,2015,2017,42,130,2040,15.7,20,48.6,WR,Clemson,deon-cain-1
635,Hakeem Butler,110,CRD,4,103,2019,Iowa State,2016,2018,37,110,2149,19.5,18,58.1,WR,Iowa State,hakeem-butler-1
636,Deon Butler,179,SEA,3,91,2009,Penn State,2005,2008,50,179,2771,15.5,22,55.4,WR,Penn State,deon-butler-1
637,Brice Butler,65,RAI,7,209,2013,San Diego State,2009,2012,49,65,901,13.9,7,18.4,WR,San Diego StateUSC,brice-butler-1
638,Keenan Burton,189,RAM,4,128,2008,Kentucky,2003,2007,46,189,2376,12.6,25,51.7,WR,Kentucky,keenan-burton-1
639,Jermaine Burton,132,CIN,3,80,2024,Alabama,2020,2023,50,132,2376,18.0,22,47.5,WR,AlabamaGeorgia,jermaine-burton-1
640,Plaxico Burress,118,PIT,1,8,2000,Michigan State,1998,1999,23,118,1970,16.7,17,85.7,WR,Michigan State,plaxico-burress-1
641,Nate Burleson,248,MIN,3,71,2003,Nevada,2000,2002,33,248,3287,13.3,22,99.6,WR,Nevada,nate-burleson-1
642,Treylon Burks,146,OTI,1,18,2022,Arkansas,2019,2021,32,146,2399,16.4,18,75.0,WR,Arkansas,treylon-burks-1
643,Aaron Burbridge,165,SFO,6,213,2016,Michigan State,2012,2015,46,165,2174,13.2,10,47.3,WR,Michigan State,aaron-burbridge-1
644,Martavis Bryant,61,PIT,4,118,2014,Clemson,2011,2013,37,61,1354,22.2,13,36.6,WR,Clemson,martavis-bryant-1
645,Dez Bryant,147,DAL,1,24,2010,Oklahoma State,2007,2009,28,147,2425,16.5,29,86.6,WR,Oklahoma State,dez-bryant-1
646,Antonio Bryant,161,DAL,2,63,2002,Pitt,1999,2001,31,161,2805,17.4,26,90.5,WR,Pitt,antonio-bryant-1
647,Ryan Broyles,349,DET,2,54,2012,Oklahoma,2008,2011,48,349,4586,13.1,45,95.5,WR,Oklahoma,ryan-broyles-1
648,Vincent Brown,209,SDG,3,82,2011,San Diego State,2007,2010,44,209,3110,14.9,23,70.7,WR,San Diego State,vincent-brown-3
649,Reggie Brown,144,PHI,2,35,2005,Georgia,2000,2004,52,144,2008,13.9,12,38.6,WR,Georgia,reggie-brown-2
650,Noah Brown,33,DAL,7,239,2017,Ohio State,2014,2016,24,33,411,12.5,7,17.1,WR,Ohio State,noah-brown-2
651,Marquise Brown,132,RAV,1,25,2019,Oklahoma,2017,2018,27,132,2413,18.3,17,89.4,WR,Oklahoma,marquise-brown-1
652,Justin Brown,146,PIT,6,186,2013,Oklahoma,2009,2012,49,146,1926,13.2,8,39.3,WR,OklahomaPenn State,justin-brown-1
653,Dyami Brown,123,WAS,3,82,2021,North Carolina,2018,2020,34,123,2306,18.7,21,67.8,WR,North Carolina,dyami-brown-1
654,Da'Ron Brown,87,KAN,7,233,2015,Northern Illinois,2011,2014,54,87,1230,14.1,13,22.8,WR,Northern Illinois,daron-brown-1
655,Antonio Brown,305,PIT,6,195,2010,Central Michigan,2007,2009,41,305,3199,10.5,22,78.0,WR,Central Michigan,antonio-brown-1
656,A.J. Brown,189,OTI,2,51,2019,Ole Miss,2016,2018,36,189,2984,15.8,19,82.9,WR,Ole Miss,aj-brown-3
657,John Broussard,103,JAX,7,229,2007,San Jose State,2003,2006,46,103,1566,15.2,13,34.0,WR,San Jose State,john-broussard-1
658,Jalen Brooks,58,DAL,7,244,2023,South Carolina,2020,2022,24,58,785,13.5,2,32.7,WR,South Carolina,jalen-brooks-2
659,Kenny Britt,178,OTI,1,30,2009,Rutgers,2006,2008,34,178,3043,17.1,17,89.5,WR,Rutgers,kenny-britt-1
660,Dezmon Briscoe,219,CIN,6,191,2010,Kansas,2007,2009,37,219,3240,14.8,31,87.6,WR,Kansas,dezmon-briscoe-1
661,Steve Breaston,156,CRD,5,142,2007,Michigan,2003,2006,48,156,1696,10.9,10,35.3,WR,Michigan,steve-breaston-1
662,Lavon Brazill,187,CLT,6,206,2012,Ohio,2007,2011,49,187,2515,13.4,18,51.3,WR,Ohio,lavon-brazill-1
663,Daniel Braverman,213,CHI,7,230,2016,Western Michigan,2012,2015,37,213,2509,11.8,19,67.8,WR,Western Michigan,daniel-braverman-1
664,Deion Branch,143,NWE,2,65,2002,Louisville,2000,2001,23,143,2204,15.4,18,95.8,WR,Louisville,deion-branch-1
665,Miles Boykin,77,RAV,3,93,2019,Notre Dame,2016,2018,36,77,1206,15.7,11,33.5,WR,Notre Dame,miles-boykin-1
666,Tyler Boyd,254,CIN,2,55,2016,Pitt,2013,2015,38,254,3361,13.2,21,88.4,WR,Pitt,tyler-boyd-1
667,Josh Boyce,161,NWE,4,102,2013,Texas Christian,2010,2012,39,161,2535,15.7,22,65.0,WR,Texas Christian,josh-boyce-1
668,Dwayne Bowe,154,KAN,1,23,2007,LSU,2003,2006,46,154,2403,15.6,26,52.2,WR,LSU,dwayne-bowe-1
669,Lynn Bowden Jr.,114,RAI,3,80,2020,Kentucky,2017,2019,39,114,1303,11.4,6,33.4,WR,Kentucky,lynn-bowden-jr-1
670,Kayshon Boutte,131,NWE,6,187,2023,LSU,2020,2022,27,131,1781,13.6,16,66.0,WR,LSU,kayshon-boutte-1
671,Anquan Boldin,118,CRD,2,54,2003,Florida State,1999,2002,36,118,1790,15.2,21,49.7,WR,Florida State,anquan-boldin-1
672,Will Blackmon,51,GNB,4,115,2006,Boston College,2005,2005,12,51,763,15.0,4,63.6,WR,Boston College,will-blackmon-1
673,Justin Blackmon,253,JAX,1,5,2012,Oklahoma State,2009,2011,38,253,3564,14.1,40,93.8,WR,Oklahoma State,justin-blackmon-1
674,Braxton Berrios,100,NWE,6,210,2018,Miami (FL),2014,2017,49,100,1175,11.8,14,24.0,WR,Miami (FL),braxton-berrios-1
675,Bernard Berrian,182,CHI,3,78,2004,Fresno State,1999,2003,45,182,2588,14.2,23,57.5,WR,Fresno State,bernard-berrian-1
676,Earl Bennett,236,CHI,3,70,2008,Vanderbilt,2005,2007,35,236,2852,12.1,20,81.5,WR,Vanderbilt,earl-bennett-1
677,Arrelious Benn,159,TAM,2,39,2010,Illinois,2007,2009,37,159,2221,14.0,7,60.0,WR,Illinois,arrelious-benn-1
678,Travis Benjamin,131,CLE,4,100,2012,Miami (FL),2008,2011,49,131,2146,16.4,13,43.8,WR,Miami (FL),travis-benjamin-1
679,Kelvin Benjamin,84,CAR,1,28,2014,Florida State,2012,2013,28,84,1506,17.9,19,53.8,WR,Florida State,kelvin-benjamin-1
680,Ronnie Bell,145,SFO,7,253,2023,Michigan,2018,2022,47,145,2269,15.6,9,48.3,WR,Michigan,ronnie-bell-3
681,Kenny Bell,181,TAM,5,162,2015,Nebraska,2011,2014,53,181,2689,14.9,21,50.7,WR,Nebraska,kenny-bell-2
682,David Bell,232,CLE,3,99,2022,Purdue,2019,2021,29,232,2946,12.7,21,101.6,WR,Purdue,david-bell-6
683,Odell Beckham Jr.,143,NYG,1,12,2014,LSU,2011,2013,40,143,2340,16.4,12,58.5,WR,LSU,odell-beckham-jr-1
684,Arnaz Battle,63,SFO,6,197,2003,Notre Dame,2001,2002,20,63,826,13.1,5,41.3,WR,Notre Dame,arnaz-battle-1
685,Rashod Bateman,147,RAV,1,27,2021,Minnesota,2018,2020,31,147,2395,16.3,19,77.3,WR,Minnesota,rashod-bateman-1
686,Jonathan Baldwin,128,KAN,1,26,2011,Pitt,2008,2010,39,128,2337,18.3,16,59.9,WR,Pitt,jonathan-baldwin-1
687,Mikail Baker,26,RAM,7,216,2011,Baylor,2005,2009,37,26,354,13.6,2,9.6,WR,Baylor,mikail-baker-1
688,Kawaan Baker,126,NOR,7,255,2021,South Alabama,2017,2020,45,126,1829,14.5,16,40.6,WR,South Alabama,kawaan-baker-1
689,Javon Baker,117,NWE,4,110,2024,UCF,2020,2023,45,117,2051,17.5,13,45.6,WR,AlabamaUCF,javon-baker-1
690,Dallas Baker,151,PIT,7,227,2007,Florida,2003,2006,51,151,2236,14.8,21,43.8,WR,Florida,dallas-baker-1
691,Stedman Bailey,210,RAM,3,92,2013,West Virginia,2010,2012,39,210,3218,15.3,41,82.5,WR,West Virginia,stedman-bailey-1
692,Demarcus Ayers,142,PIT,7,229,2016,Houston,2013,2015,40,142,1687,11.9,9,42.2,WR,Houston,demarcus-ayers-1
693,Donnie Avery,210,RAM,2,33,2008,Houston,2004,2007,50,210,3289,15.7,19,65.8,WR,Houston,donnie-avery-1
694,Jason Avant,169,PHI,4,109,2006,Michigan,2002,2005,47,169,2247,13.3,13,47.8,WR,Michigan,jason-avant-1
695,Terrence Austin,109,WAS,7,219,2010,UCLA,2006,2009,47,109,1192,10.9,5,25.4,WR,UCLA,terrence-austin-1
696,Tavon Austin,114,RAM,1,8,2013,West Virginia,2012,2012,13,114,1289,11.3,12,99.2,WR,West Virginia,tavon-austin-1
697,Calvin Austin III,156,PIT,4,138,2022,Memphis,2018,2021,45,156,2541,16.3,22,56.5,WR,Memphis,calvin-austin-iii-1
698,David Ausberry,64,RAI,7,241,2011,USC,2007,2010,46,64,700,10.9,7,15.2,WR,USC,david-ausberry-1
699,Chatarius Atwell,140,RAM,2,57,2021,Louisville,2018,2020,34,140,2307,16.5,21,67.9,WR,Louisville,chatarius-atwell-1
700,Marcell Ateman,146,RAI,7,228,2018,Oklahoma State,2013,2017,48,146,2466,16.9,13,51.4,WR,Oklahoma State,marcell-ateman-1
701,Adrian Arrington,109,NOR,7,237,2008,Michigan,2004,2007,35,109,1438,13.2,16,41.1,WR,Michigan,adrian-arrington-1
702,Devin Aromashodu,71,MIA,7,233,2006,Auburn,2002,2005,51,71,1333,18.8,9,26.1,WR,Auburn,devin-aromashodu-1
703,JJ Arcega-Whiteside,135,PHI,2,57,2019,Stanford,2016,2018,36,135,2219,16.4,28,61.6,WR,Stanford,jj-arcega-whiteside-1
704,Mark Andrews,31,RAV,3,86,2018,Oklahoma,2016,2016,13,31,489,15.8,7,37.6,WR,Oklahoma,mark-andrews-1
705,David Anderson,223,HTX,7,251,2006,Colorado State,2002,2005,46,223,3634,16.3,20,79.0,WR,Colorado State,david-anderson-1
706,Aundrae Allison,145,MIN,5,146,2007,East Carolina,2005,2006,22,145,1732,11.9,11,78.7,WR,East Carolina,aundrae-allison-1
707,Keenan Allen,205,SDG,3,76,2013,California,2010,2012,33,205,2570,12.5,17,77.9,WR,California,keenan-allen-1
708,Mario Alford,92,CIN,7,238,2015,West Virginia,2013,2014,22,92,1497,16.3,13,68.0,WR,West Virginia,mario-alford-1
709,Jordan Akins,26,HTX,3,98,2018,UCF,2014,2015,16,26,287,11.0,2,17.9,WR,UCF,jordan-akins-1
710,Brandon Aiyuk,98,SFO,1,25,2020,Arizona State,2018,2019,25,98,1666,17.0,11,66.6,WR,Arizona State,brandon-aiyuk-1
711,Sam Aiken,146,BUF,4,127,2003,North Carolina,1999,2002,46,146,2195,15.0,15,47.7,WR,North Carolina,sam-aiken-1
712,Nelson Agholor,178,PHI,1,20,2015,USC,2012,2014,40,178,2572,14.4,20,64.3,WR,USC,nelson-agholor-1
713,Jordan Addison,219,MIN,1,23,2023,USC,2020,2022,35,219,3134,14.3,29,89.5,WR,PittUSC,jordan-addison-1
714,Rodney Adams,137,MIN,5,170,2017,South Florida,2013,2016,39,137,1982,14.5,16,50.8,WR,South FloridaToledo,rodney-adams-1
715,Joe Adams,164,CAR,4,104,2012,Arkansas,2008,2011,47,164,2410,14.7,17,51.3,WR,Arkansas,joe-adams-1
716,Davante Adams,233,GNB,2,53,2014,Fresno State,2012,2013,26,233,3031,13.0,38,116.6,WR,Fresno State,davante-adams-1
717,Jared Abbrederis,202,GNB,5,176,2014,Wisconsin,2010,2013,53,202,3140,15.5,23,59.2,WR,Wisconsin,jared-abbrederis-1